account_id,dpd,outstanding_balance,customer_income,previous_payments,collection_attempts,region,employment_type,recovered_flag
1,132,31871,79234,7,2,South,Business,0
2,122,245371,45851,5,1,East,Salaried,0
3,44,228524,51279,9,4,North,Self-employed,1
4,136,225342,137431,8,5,South,Self-employed,0
5,101,184685,116063,6,3,West,Business,0
6,50,48179,93402,9,5,West,Self-employed,1
7,132,271537,35449,4,3,West,Salaried,0
8,151,203260,96221,7,3,North,Salaried,0
9,104,337243,109080,1,0,West,Self-employed,0
10,117,55262,25451,6,3,North,Business,0
11,146,360357,107178,3,3,North,Business,0
12,129,399551,61316,8,1,North,Self-employed,0
13,133,431484,83064,0,2,South,Salaried,0
14,160,491082,83761,6,5,North,Self-employed,0
15,179,368413,125490,5,5,East,Business,0
16,82,80545,58870,7,3,West,Business,1
17,31,254555,116566,4,4,South,Self-employed,1
18,117,243894,143749,0,5,West,Salaried,0
19,67,223218,143765,0,3,North,Self-employed,0
20,159,485182,144881,8,0,South,Salaried,0
21,50,322066,50873,9,0,East,Salaried,1
22,87,492580,148389,5,0,North,Self-employed,1
23,51,62913,78627,9,3,West,Self-employed,1
24,118,379177,86155,4,1,East,Salaried,0
25,78,386936,119186,0,4,North,Salaried,0
26,88,270497,45372,5,3,East,Salaried,1
27,44,468893,23642,5,1,North,Salaried,1
28,80,463057,149148,2,1,South,Business,0
29,137,197404,48001,7,5,North,Self-employed,0
30,84,402007,54064,0,3,South,Salaried,0
31,93,176104,114826,0,3,North,Self-employed,0
32,160,188918,34122,5,1,North,Salaried,0
33,80,210546,44820,9,1,West,Self-employed,1
34,164,64936,88431,0,1,East,Self-employed,0
35,50,180866,75745,5,5,East,Salaried,1
36,102,212660,70081,0,3,East,Salaried,0
37,47,222056,90902,5,1,North,Self-employed,1
38,161,463547,28711,2,0,North,Self-employed,0
39,118,245469,105132,7,3,North,Self-employed,0
40,89,48141,38793,5,5,South,Business,1
41,43,422290,28199,0,0,South,Salaried,0
42,38,157478,96253,4,2,West,Business,1
43,119,117359,56191,7,3,North,Business,0
44,82,405423,30211,2,2,East,Salaried,0
45,159,174363,131086,5,1,East,Salaried,0
46,113,61568,83069,4,5,West,Business,0
47,121,117539,108896,5,1,East,Salaried,0
48,140,66851,76746,9,5,West,Self-employed,0
49,37,74823,41542,0,4,North,Self-employed,0
50,64,43312,51312,6,1,East,Business,1
51,110,456324,65242,8,2,North,Business,0
52,79,480134,121971,1,5,South,Salaried,0
53,133,447387,113783,9,1,East,Salaried,0
54,161,454995,145681,4,3,South,Business,0
55,31,219900,107893,9,5,East,Business,1
56,163,380867,75388,3,5,North,Self-employed,0
57,83,294555,126581,5,1,West,Self-employed,1
58,135,269062,47691,5,4,North,Salaried,0
59,33,339153,97960,1,1,North,Self-employed,0
60,83,428638,104388,1,2,North,Salaried,0
61,175,455684,42601,3,2,East,Salaried,0
62,73,52371,138307,0,5,West,Salaried,0
63,43,77022,38020,8,5,South,Self-employed,1
64,124,353373,28155,6,1,North,Business,0
65,77,119071,89119,6,2,East,Business,1
66,44,202268,101051,2,2,South,Self-employed,0
67,69,493570,56777,2,4,North,Business,0
68,111,378918,39710,0,3,South,Salaried,0
69,140,308859,128714,2,4,North,Business,0
70,82,309749,44532,2,0,South,Self-employed,0
71,53,119853,148727,3,4,South,Business,0
72,153,51174,38601,3,1,West,Salaried,0
73,70,423172,83227,2,3,West,Salaried,0
74,44,96373,24967,9,1,North,Self-employed,1
75,74,351396,104289,7,0,East,Self-employed,1
76,94,213021,40022,7,3,West,Self-employed,0
77,118,213718,63463,0,5,South,Salaried,0
78,100,90017,94671,6,2,West,Business,0
79,38,83037,25722,1,4,West,Business,0
80,117,109818,47413,0,1,North,Self-employed,0
81,158,26548,112772,2,0,West,Business,0
82,165,136981,101050,3,2,West,Business,0
83,92,254213,129432,5,4,South,Self-employed,0
84,168,224366,122748,9,2,West,Self-employed,0
85,110,174249,125922,4,4,South,Salaried,0
86,165,306166,105867,3,5,West,Salaried,0
87,62,126297,103596,7,3,West,Salaried,1
88,152,156614,86732,3,2,East,Salaried,0
89,34,242084,32297,9,2,West,Business,1
90,70,80428,88323,1,2,South,Business,0
91,57,173812,43816,2,3,South,Salaried,0
92,164,341497,144341,5,0,North,Salaried,0
93,101,133132,60695,7,4,North,Self-employed,0
94,41,207604,39702,7,5,East,Business,1
95,62,36052,45242,8,2,South,Business,1
96,77,120689,75841,6,3,South,Salaried,1
97,91,198148,148498,1,0,South,Business,0
98,66,466636,87712,7,4,East,Self-employed,1
99,128,151743,105663,6,3,South,Self-employed,0
100,133,282307,127096,7,5,North,Business,0
101,64,323568,112764,2,5,East,Salaried,0
102,130,466960,73574,6,4,North,Business,0
103,160,483547,105744,9,2,North,Self-employed,0
104,30,423850,48482,8,5,East,Salaried,1
105,34,155870,29171,2,0,West,Business,0
106,171,304564,120755,9,3,West,Salaried,0
107,132,140575,118932,5,0,North,Salaried,0
108,56,278230,128125,1,2,West,Self-employed,0
109,166,311444,126082,1,0,South,Salaried,0
110,44,372025,23696,4,0,East,Business,1
111,119,30749,146310,4,1,North,Salaried,0
112,71,124131,40058,6,0,South,Salaried,1
113,153,176193,40313,1,4,West,Business,0
114,92,410707,39149,6,3,South,Self-employed,0
115,125,319631,73521,4,1,West,Self-employed,0
116,81,245019,65740,5,3,North,Business,1
117,125,446577,126611,7,3,South,Business,0
118,161,303367,24956,9,2,East,Self-employed,0
119,172,92930,95731,3,2,North,Salaried,0
120,58,165128,102612,6,1,South,Business,1
121,65,310524,137850,5,5,South,Salaried,1
122,42,308179,86641,9,2,West,Business,1
123,100,312764,83811,1,2,North,Self-employed,0
124,115,433093,72160,7,2,North,Salaried,0
125,57,276553,71313,9,3,North,Salaried,1
126,95,468532,83232,8,1,North,Business,0
127,74,215113,35417,4,3,West,Salaried,1
128,91,399504,44729,9,4,East,Business,0
129,163,73352,132492,3,3,North,Self-employed,0
130,57,444127,50099,5,4,West,Salaried,1
131,57,183856,138387,7,0,East,Business,1
132,137,23191,118134,2,0,East,Salaried,0
133,73,446376,49961,9,4,West,Business,1
134,113,372680,32602,0,4,North,Business,0
135,59,124576,138474,3,3,East,Business,0
136,104,215713,29256,3,4,North,Self-employed,0
137,157,462939,106120,0,1,North,Salaried,0
138,121,23631,132516,8,0,South,Self-employed,0
139,158,157244,54681,2,0,North,Business,0
140,150,324224,111328,4,5,South,Business,0
141,56,240169,107440,5,4,East,Self-employed,1
142,150,110353,84789,7,2,West,Self-employed,0
143,145,433497,63361,5,2,South,Salaried,0
144,32,48671,84503,2,4,West,Business,0
145,132,142811,54540,5,1,East,Self-employed,0
146,166,202503,46536,0,2,North,Business,0
147,91,241972,104700,3,5,East,Business,0
148,80,273211,83043,5,4,West,Salaried,1
149,88,409878,98532,6,1,East,Salaried,1
150,147,244033,76575,9,1,North,Salaried,0
151,125,441818,147626,2,3,East,Self-employed,0
152,142,239861,22871,8,1,North,Business,0
153,91,333543,66002,6,2,South,Self-employed,0
154,81,174544,69812,0,2,West,Self-employed,0
155,41,200302,42626,1,4,North,Salaried,0
156,68,486832,79979,0,4,North,Business,0
157,159,27099,96057,8,1,East,Business,0
158,160,269686,146834,8,5,South,Salaried,0
159,142,438647,128946,6,0,North,Business,0
160,130,76492,86668,9,3,South,Salaried,0
161,142,116722,119003,2,0,South,Self-employed,0
162,110,460900,100070,4,1,East,Self-employed,0
163,142,50111,109390,3,1,North,Salaried,0
164,31,83936,62998,6,0,East,Self-employed,1
165,159,173686,83814,8,3,West,Self-employed,0
166,83,243332,124601,1,0,West,Salaried,0
167,116,455207,65607,7,4,North,Self-employed,0
168,158,221548,27812,8,2,South,Business,0
169,176,269031,81844,9,5,North,Self-employed,0
170,155,343064,90093,9,4,North,Salaried,0
171,159,83530,22179,8,2,West,Business,0
172,82,449440,63798,9,5,West,Business,1
173,97,289932,94601,6,5,South,Self-employed,0
174,152,48082,28275,8,5,South,Business,0
175,174,405431,70574,8,1,North,Salaried,0
176,67,109570,67857,2,5,East,Business,0
177,53,121015,145555,3,3,North,Self-employed,0
178,98,227888,121484,1,0,South,Self-employed,0
179,145,365732,40700,9,3,East,Business,0
180,127,167603,146855,2,0,West,Salaried,0
181,168,370484,59464,4,4,South,Salaried,0
182,173,114439,62351,4,4,South,Self-employed,0
183,126,458073,113330,5,0,East,Self-employed,0
184,153,161214,114319,6,3,South,Salaried,0
185,99,135053,102534,6,0,South,Business,0
186,122,68355,33869,0,5,South,Business,0
187,32,423082,80315,1,1,South,Business,0
188,177,221139,130061,8,4,South,Business,0
189,176,254706,113688,9,1,South,Salaried,0
190,119,145426,40954,1,5,South,Self-employed,0
191,176,84027,51555,5,5,South,Self-employed,0
192,177,471122,83353,0,4,West,Business,0
193,125,179210,102190,2,4,South,Salaried,0
194,81,112601,65026,1,5,West,Salaried,0
195,157,49956,120772,2,2,West,Business,0
196,68,258340,66976,4,1,North,Business,1
197,111,124797,100578,9,1,North,Business,0
198,133,407061,111502,5,2,West,Self-employed,0
199,158,408447,133943,8,3,West,Business,0
200,40,489511,129850,9,1,South,Self-employed,1
201,71,156511,65095,3,0,North,Salaried,0
202,128,460457,34270,6,5,East,Salaried,0
203,36,324677,50908,5,5,North,Self-employed,1
204,173,441486,35523,1,2,West,Self-employed,0
205,119,98815,82433,9,1,West,Self-employed,0
206,141,59279,67068,7,3,South,Self-employed,0
207,89,391931,39991,6,1,South,Business,1
208,142,437104,30775,6,5,North,Salaried,0
209,31,168702,97801,7,4,South,Business,1
210,158,81063,104995,0,0,East,Self-employed,0
211,77,269599,81250,0,2,East,Business,0
212,169,274311,36673,7,4,South,Business,0
213,66,147896,142808,3,3,East,Salaried,0
214,38,186216,47056,4,4,East,Business,1
215,128,465377,26614,7,4,North,Salaried,0
216,176,242146,121556,4,3,East,Self-employed,0
217,77,228432,27415,9,4,West,Business,1
218,160,202051,108691,3,2,West,Self-employed,0
219,177,117661,134966,5,5,North,Salaried,0
220,83,420195,63884,4,1,South,Self-employed,1
221,149,439405,36964,6,4,North,Self-employed,0
222,145,193672,57726,9,2,South,Salaried,0
223,104,472776,143133,6,1,South,Self-employed,0
224,142,491256,57044,3,1,South,Self-employed,0
225,133,143257,77149,4,4,South,Self-employed,0
226,113,474774,57544,2,2,South,Business,0
227,141,368349,69976,3,5,North,Self-employed,0
228,128,289054,52252,3,4,South,Salaried,0
229,122,470929,23832,2,3,East,Business,0
230,175,329001,110811,9,1,East,Business,0
231,157,54964,100437,4,4,South,Salaried,0
232,139,498883,123749,4,1,East,Self-employed,0
233,111,438443,54148,6,2,West,Business,0
234,83,419194,81240,3,0,North,Business,0
235,97,299297,128169,3,4,North,Business,0
236,62,341909,145607,8,5,South,Self-employed,1
237,171,250156,108454,5,4,South,Business,0
238,50,128212,132230,3,1,West,Salaried,0
239,77,59071,148933,1,2,South,Self-employed,0
240,177,132990,105076,5,3,East,Salaried,0
241,157,89519,97116,1,5,West,Salaried,0
242,165,29503,73459,4,2,East,Business,0
243,164,211775,58402,5,4,North,Business,0
244,174,477595,77727,3,3,East,Business,0
245,157,115457,58578,2,2,North,Salaried,0
246,62,208938,110453,6,0,East,Self-employed,1
247,144,167977,42318,1,5,North,Business,0
248,148,65838,95715,5,1,South,Business,0
249,51,407344,97787,3,2,East,Salaried,0
250,67,471495,131435,5,2,North,Self-employed,1
251,138,109489,105029,3,0,East,Salaried,0
252,80,46806,40466,3,4,West,Business,0
253,37,196072,115742,3,5,South,Salaried,0
254,56,435384,65475,8,5,North,Business,1
255,56,90119,80142,6,1,West,Self-employed,1
256,50,320858,105160,2,2,East,Salaried,0
257,59,205165,46564,2,3,West,Business,0
258,126,337563,42412,5,2,East,Business,0
259,57,462361,113526,5,1,South,Business,1
260,140,125432,71001,3,2,West,Business,0
261,90,490641,77649,8,0,South,Salaried,0
262,77,375093,80957,3,2,North,Business,0
263,176,491027,55517,8,2,East,Salaried,0
264,33,415677,33156,3,3,East,Business,0
265,64,427507,43064,1,0,South,Salaried,0
266,78,197876,45711,1,0,South,Salaried,0
267,46,359115,50106,4,2,North,Business,1
268,75,375615,85458,3,5,West,Business,0
269,146,347090,36589,6,3,East,Business,0
270,35,381133,109272,4,2,East,Business,1
271,128,104080,106511,5,2,North,Self-employed,0
272,153,272791,121754,9,1,North,Business,0
273,66,474548,27214,3,1,South,Business,0
274,53,97794,116117,1,5,South,Business,0
275,122,312985,105731,9,3,West,Salaried,0
276,75,144447,130118,8,4,North,Business,1
277,124,140029,146479,9,1,West,Salaried,0
278,128,199830,47127,6,4,North,Salaried,0
279,145,358416,25141,3,0,East,Salaried,0
280,96,57643,48884,2,1,North,Salaried,0
281,157,463624,110421,9,1,North,Self-employed,0
282,47,326094,22708,2,3,East,Business,0
283,54,207921,38375,8,5,North,Salaried,1
284,83,382644,35088,4,4,West,Business,1
285,87,179116,77615,2,1,South,Salaried,0
286,96,407732,130138,4,1,South,Self-employed,0
287,133,35997,65046,1,3,West,Salaried,0
288,53,361895,30014,3,3,East,Business,0
289,143,118605,84425,9,5,North,Business,0
290,61,437127,23273,1,4,West,Self-employed,0
291,115,337677,67135,1,0,South,Business,0
292,156,364710,122842,7,5,South,Business,0
293,159,245942,50881,0,0,West,Salaried,0
294,46,165643,117022,6,2,South,Business,1
295,133,128255,98077,4,1,West,Salaried,0
296,166,280298,28712,7,4,South,Self-employed,0
297,72,471157,94704,0,5,West,Business,0
298,68,78005,72874,6,1,North,Salaried,1
299,55,237322,89087,4,4,North,Business,1
300,128,209784,32297,3,4,North,Salaried,0
301,79,63541,129269,6,4,North,Self-employed,1
302,42,43387,47128,9,1,South,Salaried,1
303,89,376124,88368,1,5,East,Business,0
304,164,199980,114019,0,3,West,Salaried,0
305,86,105457,107599,0,1,East,Business,0
306,65,164129,108499,0,4,South,Self-employed,0
307,49,84028,98958,4,5,South,Salaried,1
308,94,139246,52920,9,2,East,Business,0
309,37,337875,140442,6,0,East,Business,1
310,173,175930,31156,1,4,South,Business,0
311,171,199761,31108,9,2,South,Salaried,0
312,144,64638,51845,7,3,West,Salaried,0
313,172,197558,22800,3,4,North,Salaried,0
314,121,40567,148832,2,2,North,Self-employed,0
315,127,442955,123614,9,4,West,Business,0
316,95,77804,62712,7,1,East,Business,0
317,61,390965,22610,1,5,South,Self-employed,0
318,115,23754,97603,2,2,East,Self-employed,0
319,80,47044,53872,2,5,North,Salaried,0
320,92,87260,30728,9,1,North,Salaried,0
321,154,86912,115102,0,1,East,Salaried,0
322,179,276695,115319,5,5,North,Salaried,0
323,87,28706,142049,1,2,South,Salaried,0
324,87,291038,40583,0,5,West,Salaried,0
325,115,431253,105774,1,5,East,Self-employed,0
326,78,366130,27263,5,0,South,Self-employed,1
327,99,364086,146374,3,2,South,Self-employed,0
328,44,202684,87450,5,0,North,Business,1
329,83,49725,109285,8,4,South,Business,1
330,130,156998,39456,9,5,East,Salaried,0
331,37,124555,111118,9,4,South,Self-employed,1
332,82,281486,85942,7,2,West,Business,1
333,89,291640,33689,0,5,South,Business,0
334,137,76447,52934,7,4,South,Self-employed,0
335,34,383748,53276,8,3,West,Business,1
336,132,180878,136349,5,1,South,Business,0
337,35,370343,149336,9,5,South,Self-employed,1
338,138,61321,121968,4,1,North,Business,0
339,145,273113,39873,5,0,East,Self-employed,0
340,123,253103,33050,5,4,North,Business,0
341,76,478311,86216,8,0,East,Self-employed,1
342,128,435872,104444,3,5,West,Business,0
343,84,75147,104040,1,1,West,Business,0
344,81,111396,41644,8,1,West,Self-employed,1
345,173,462882,82021,1,4,East,Business,0
346,42,495584,57125,9,5,East,Self-employed,1
347,143,320931,86899,8,3,East,Self-employed,0
348,153,264839,62291,1,3,West,Business,0
349,135,476162,55060,7,4,East,Salaried,0
350,176,41727,21538,8,5,South,Business,0
351,174,259423,56176,9,4,North,Salaried,0
352,149,115081,142430,8,5,West,Salaried,0
353,92,404865,61520,9,0,North,Business,0
354,48,261130,45675,8,4,South,Salaried,1
355,121,88056,38287,1,5,East,Self-employed,0
356,87,154153,20174,3,3,North,Self-employed,0
357,119,185268,112268,6,5,South,Salaried,0
358,146,187807,54998,1,5,South,Self-employed,0
359,91,255821,122591,0,4,North,Business,0
360,52,100102,73312,2,0,West,Self-employed,0
361,156,492794,32112,3,0,North,Salaried,0
362,166,176570,125410,7,0,West,Business,0
363,169,96865,95225,5,0,East,Self-employed,0
364,158,182728,64814,1,2,West,Business,0
365,87,87695,105091,8,4,East,Salaried,1
366,151,451116,70719,1,1,North,Self-employed,0
367,30,137235,149887,4,4,East,Business,1
368,63,498115,53919,3,2,South,Business,0
369,125,460917,93155,6,0,East,Self-employed,0
370,155,128777,91569,7,2,West,Business,0
371,147,39033,61328,4,3,West,Business,0
372,77,161877,90482,9,3,West,Salaried,1
373,118,186923,44618,4,4,East,Salaried,0
374,146,46832,54675,1,4,West,Salaried,0
375,158,214509,121794,7,1,West,Salaried,0
376,45,397869,38919,1,1,South,Salaried,0
377,98,165016,24173,9,3,East,Salaried,0
378,51,302017,129369,5,0,South,Self-employed,1
379,122,60372,46400,7,2,West,Salaried,0
380,105,109464,70445,5,1,West,Business,0
381,173,166451,90305,3,5,West,Self-employed,0
382,115,137322,57564,3,1,East,Business,0
383,58,187823,65814,5,0,North,Salaried,1
384,98,382226,99747,3,0,West,Salaried,0
385,76,240894,108791,7,4,West,Business,1
386,123,287254,47962,8,2,West,Business,0
387,173,467557,104892,0,0,West,Business,0
388,114,294231,105842,3,1,East,Self-employed,0
389,68,436978,90533,3,1,North,Salaried,0
390,129,364761,76184,1,3,North,Business,0
391,62,120483,102912,5,0,North,Salaried,1
392,130,29596,126416,2,5,West,Business,0
393,52,254627,123591,6,4,West,Salaried,1
394,39,127539,30578,4,2,North,Self-employed,1
395,98,38313,38624,3,5,North,Salaried,0
396,129,395319,136164,4,4,West,Business,0
397,63,217621,59194,7,1,West,Salaried,1
398,167,134914,129903,2,5,South,Self-employed,0
399,176,43705,20389,6,4,South,Self-employed,0
400,125,218436,119303,5,1,South,Salaried,0
401,30,355589,131116,0,1,North,Business,0
402,98,123892,133903,6,1,East,Self-employed,0
403,33,229717,87391,6,1,West,Self-employed,1
404,45,284167,126429,0,1,South,Salaried,0
405,53,139654,33794,8,3,East,Self-employed,1
406,109,210868,78002,5,5,West,Self-employed,0
407,31,100073,55531,1,4,East,Business,0
408,157,374341,72815,4,3,North,Business,0
409,113,84429,24986,3,3,North,Business,0
410,169,124195,52298,6,0,North,Salaried,0
411,153,212699,21481,7,0,South,Self-employed,0
412,62,53848,76408,0,0,West,Salaried,0
413,130,451020,89267,4,2,North,Self-employed,0
414,41,428595,141950,2,0,South,Self-employed,0
415,96,472880,36835,0,4,South,Self-employed,0
416,94,309910,145355,2,3,South,Business,0
417,103,88099,47798,5,4,South,Salaried,0
418,72,449276,111649,6,5,North,Salaried,1
419,73,89122,84887,7,0,South,Self-employed,1
420,58,167159,39477,3,2,North,Salaried,0
421,170,68868,37266,2,5,North,Business,0
422,41,139119,106328,4,2,South,Salaried,1
423,124,436441,105988,8,5,North,Self-employed,0
424,75,377430,147815,5,3,West,Business,1
425,159,288787,63526,8,4,West,Business,0
426,64,318871,137965,5,1,East,Self-employed,1
427,110,424221,134615,1,4,West,Salaried,0
428,119,129079,126870,4,0,North,Self-employed,0
429,37,347841,147426,8,1,North,Salaried,1
430,122,36029,31889,7,2,West,Salaried,0
431,119,266353,44335,6,3,South,Business,0
432,144,427442,31254,0,3,South,Self-employed,0
433,134,214718,106610,3,2,North,Business,0
434,164,473819,31442,6,0,South,Self-employed,0
435,87,441947,66289,6,2,East,Self-employed,1
436,143,391602,73747,5,5,East,Business,0
437,104,392528,57327,7,0,West,Self-employed,0
438,149,88926,36199,5,1,West,Self-employed,0
439,50,157069,92827,9,2,South,Salaried,1
440,167,337650,126464,2,0,North,Self-employed,0
441,130,360373,20112,3,1,West,Self-employed,0
442,128,463031,107051,2,2,East,Business,0
443,65,62092,39581,0,3,West,Business,0
444,125,344683,134228,9,2,West,Self-employed,0
445,66,479293,79722,4,4,East,Salaried,1
446,41,172889,112036,0,2,North,Salaried,0
447,142,188933,117562,0,4,West,Business,0
448,42,33428,36523,1,1,West,Self-employed,0
449,52,195006,86960,3,2,West,Self-employed,0
450,128,266627,137637,5,1,South,Salaried,0
451,134,265439,39552,7,1,West,Salaried,0
452,59,161330,143396,2,0,East,Salaried,0
453,46,77775,30808,0,1,North,Business,0
454,142,232652,124347,2,1,North,Self-employed,0
455,91,287613,92525,2,2,East,Business,0
456,113,310998,43620,4,2,South,Self-employed,0
457,141,157328,124565,3,3,East,Business,0
458,115,275158,20887,3,0,North,Self-employed,0
459,170,96256,51802,8,1,East,Salaried,0
460,48,447153,105024,6,0,South,Salaried,1
461,129,381278,115549,3,4,North,Salaried,0
462,169,152723,134737,2,1,South,Business,0
463,176,201360,138639,5,0,East,Salaried,0
464,105,366874,138248,2,3,West,Self-employed,0
465,38,438267,101938,5,3,East,Business,1
466,57,309530,106741,8,1,South,Self-employed,1
467,157,488270,141028,5,4,East,Business,0
468,81,262634,142746,3,3,West,Self-employed,0
469,112,429400,46049,4,3,South,Self-employed,0
470,140,53787,97789,5,4,East,Business,0
471,173,41621,104526,2,0,South,Business,0
472,146,488780,27846,7,3,South,Salaried,0
473,98,97984,110563,3,2,North,Salaried,0
474,128,473008,124736,7,5,North,Self-employed,0
475,169,458469,66220,9,5,South,Self-employed,0
476,54,316195,66163,9,3,East,Self-employed,1
477,152,331955,23765,2,0,East,Business,0
478,82,50447,137126,9,0,East,Business,1
479,173,148046,101486,6,1,West,Salaried,0
480,86,235002,65270,8,2,South,Self-employed,1
481,68,181326,95277,3,0,South,Salaried,0
482,138,366189,108278,7,4,West,Business,0
483,71,136859,146354,2,2,South,Business,0
484,171,208490,110239,6,5,South,Business,0
485,151,427688,124245,2,2,West,Salaried,0
486,162,23471,142332,6,4,North,Business,0
487,104,258404,123159,9,3,South,Self-employed,0
488,175,140312,42931,9,4,West,Salaried,0
489,105,246876,109116,5,4,East,Business,0
490,38,159401,140599,1,3,North,Salaried,0
491,103,185937,75633,2,3,East,Salaried,0
492,174,66850,100702,5,3,South,Business,0
493,36,336364,71913,3,3,North,Business,0
494,170,263306,139144,5,3,West,Salaried,0
495,166,113808,114776,0,4,South,Salaried,0
496,56,157469,45991,9,1,West,Business,1
497,151,248981,141049,0,1,North,Self-employed,0
498,34,186597,74845,2,0,East,Salaried,0
499,58,73072,124092,7,1,South,Salaried,1
500,112,241178,118505,7,5,South,Self-employed,0
501,165,103820,75312,3,1,West,Business,0
502,138,497746,30561,5,4,North,Business,0
503,94,43284,36901,7,3,West,Self-employed,0
504,115,474546,126041,6,3,North,Business,0
505,174,103369,115556,6,4,South,Business,0
506,100,307266,82875,3,5,North,Salaried,0
507,74,412493,45917,8,1,South,Salaried,1
508,161,352697,82120,9,4,North,Salaried,0
509,65,232978,21988,5,0,East,Self-employed,1
510,99,376932,133745,2,3,North,Business,0
511,48,82812,130041,4,2,East,Business,1
512,137,290143,148467,4,0,North,Salaried,0
513,120,304580,147400,4,5,North,Salaried,0
514,119,325107,34256,7,0,West,Self-employed,0
515,48,153168,138490,8,4,West,Business,1
516,68,264809,107728,8,1,South,Self-employed,1
517,155,438495,146155,5,3,West,Business,0
518,170,272164,48230,5,5,North,Self-employed,0
519,155,391043,125466,8,5,West,Salaried,0
520,87,265317,79778,3,2,North,Self-employed,0
521,177,308345,65833,5,0,East,Self-employed,0
522,90,170787,42625,3,2,North,Salaried,0
523,156,180381,52088,0,1,South,Business,0
524,134,166150,99650,6,1,East,Business,0
525,30,469830,61167,9,2,South,Salaried,1
526,160,25105,123937,5,3,South,Self-employed,0
527,121,399810,91291,8,1,South,Self-employed,0
528,142,376992,85303,6,2,West,Self-employed,0
529,85,284983,96361,6,0,South,Business,1
530,146,88920,108229,1,2,East,Self-employed,0
531,163,325763,24117,8,2,North,Business,0
532,87,62821,110265,9,4,South,Self-employed,1
533,73,145736,148938,8,1,East,Salaried,1
534,90,426709,117718,5,3,South,Salaried,0
535,76,37069,80710,2,3,North,Business,0
536,178,27531,114426,0,4,East,Business,0
537,109,450267,114876,3,5,East,Salaried,0
538,147,158808,87054,2,3,North,Salaried,0
539,176,158782,50949,0,2,East,Self-employed,0
540,49,87155,42547,2,4,North,Salaried,0
541,175,427191,101882,3,0,East,Business,0
542,76,82424,88136,7,1,East,Salaried,1
543,78,327747,131541,8,1,North,Business,1
544,43,436468,136883,2,1,North,Business,0
545,172,494013,84619,5,2,East,Self-employed,0
546,30,152503,81842,9,0,East,Self-employed,1
547,146,225675,114803,4,4,North,Self-employed,0
548,83,188553,121858,5,4,West,Self-employed,1
549,147,374717,46990,3,1,North,Salaried,0
550,32,160629,36193,9,0,East,Self-employed,1
551,173,488187,50109,5,0,East,Salaried,0
552,41,385446,39233,6,0,East,Self-employed,1
553,103,151234,133557,8,3,North,Self-employed,0
554,45,447958,101730,9,3,East,Business,1
555,131,39675,148133,6,1,West,Salaried,0
556,146,93997,54510,5,0,South,Business,0
557,37,168087,21306,0,5,West,Self-employed,0
558,151,463273,23849,1,0,North,Salaried,0
559,121,445807,32360,0,4,East,Self-employed,0
560,119,251390,131072,8,4,North,Business,0
561,165,160905,142207,9,1,South,Salaried,0
562,89,290040,114767,9,5,North,Business,1
563,57,446188,65800,8,0,East,Self-employed,1
564,130,331877,148442,6,5,South,Self-employed,0
565,70,271435,56963,1,1,South,Self-employed,0
566,174,61800,74330,5,4,East,Salaried,0
567,170,116044,71707,3,4,East,Business,0
568,75,287491,38689,0,3,East,Business,0
569,64,210135,49084,0,1,North,Self-employed,0
570,163,153715,60387,4,1,West,Business,0
571,111,322929,94816,1,0,North,Salaried,0
572,144,300825,22642,3,0,North,Self-employed,0
573,76,463242,62137,0,3,West,Self-employed,0
574,39,386008,99832,3,2,East,Self-employed,0
575,85,429108,75561,5,5,East,Salaried,1
576,59,329443,82260,9,2,West,Self-employed,1
577,138,37073,35438,3,2,West,Self-employed,0
578,34,384448,68442,0,1,North,Self-employed,0
579,148,50682,123061,6,5,South,Self-employed,0
580,62,248870,22994,1,1,West,Business,0
581,147,247966,143439,8,5,North,Self-employed,0
582,94,406446,145844,2,4,South,Salaried,0
583,175,427505,133530,7,1,East,Self-employed,0
584,40,135359,119575,7,1,East,Self-employed,1
585,114,421143,21813,2,1,North,Business,0
586,55,461546,113027,3,3,North,Self-employed,0
587,92,86707,143489,1,1,West,Business,0
588,115,271351,104381,3,0,East,Salaried,0
589,88,490670,138808,8,0,North,Business,1
590,56,258511,75276,1,5,East,Self-employed,0
591,127,255718,61243,2,4,East,Salaried,0
592,134,85428,82912,3,3,West,Self-employed,0
593,128,70601,80272,4,5,South,Business,0
594,158,490681,122700,0,0,West,Salaried,0
595,178,415755,62051,6,3,North,Salaried,0
596,84,131487,98854,9,3,West,Business,1
597,35,173741,102736,6,4,West,Business,1
598,124,484184,141992,8,3,East,Salaried,0
599,162,433860,142019,3,1,West,Salaried,0
600,131,431961,85618,5,3,North,Business,0
601,32,271924,21920,1,4,South,Self-employed,0
602,52,279153,126121,3,5,West,Salaried,0
603,82,310372,97219,1,4,West,Business,0
604,112,269430,96872,9,4,South,Self-employed,0
605,174,447737,101132,4,0,North,Salaried,0
606,114,142788,22093,6,1,North,Salaried,0
607,107,117239,32905,0,0,West,Business,0
608,139,46928,141759,9,5,East,Self-employed,0
609,30,300466,44351,9,2,West,Salaried,1
610,80,470930,50981,6,5,South,Self-employed,1
611,33,370040,93903,9,1,South,Self-employed,1
612,142,82292,90821,5,3,South,Salaried,0
613,61,49055,129200,5,4,West,Self-employed,1
614,63,325035,123241,7,2,West,Salaried,1
615,121,101912,102289,7,1,North,Self-employed,0
616,124,157660,136506,5,0,East,Salaried,0
617,101,372680,104021,2,4,West,Business,0
618,68,288448,98513,4,5,North,Salaried,1
619,147,27345,39874,1,0,West,Salaried,0
620,32,180372,70931,4,1,North,Salaried,1
621,152,437475,27674,8,1,North,Self-employed,0
622,79,111006,70516,9,5,East,Business,1
623,41,428568,141982,0,2,West,Self-employed,0
624,83,149350,148408,9,5,North,Self-employed,1
625,162,184437,114574,4,3,South,Salaried,0
626,86,301590,80686,5,0,South,Self-employed,1
627,174,284480,114851,6,2,South,Salaried,0
628,141,344176,89212,8,4,East,Business,0
629,76,226487,22426,5,3,North,Self-employed,1
630,114,117852,142952,4,2,East,Self-employed,0
631,171,158593,110009,6,0,West,Self-employed,0
632,95,222779,88498,0,1,West,Salaried,0
633,104,174553,49943,4,4,North,Salaried,0
634,132,300618,86395,1,5,South,Self-employed,0
635,67,197832,64816,3,0,North,Self-employed,0
636,79,337862,24138,6,3,North,Business,1
637,127,326773,120728,4,3,North,Business,0
638,111,65232,111176,5,1,East,Business,0
639,59,368688,95945,1,1,West,Business,0
640,108,480385,24017,2,4,North,Business,0
641,120,279013,30451,6,5,North,Salaried,0
642,81,332813,82956,1,4,North,Business,0
643,108,229093,113863,5,1,East,Business,0
644,59,351328,30278,4,1,East,Self-employed,1
645,135,199017,110480,9,3,East,Salaried,0
646,80,33140,63764,0,1,North,Business,0
647,110,408612,143030,9,2,South,Business,0
648,162,103457,21134,3,0,South,Business,0
649,58,34357,82943,1,1,South,Self-employed,0
650,161,131672,115667,3,4,West,Self-employed,0
651,167,350817,74318,0,5,North,Self-employed,0
652,174,141673,123423,1,5,South,Business,0
653,103,85633,123998,7,5,South,Self-employed,0
654,46,228015,80128,5,2,South,Business,1
655,113,116111,108056,1,4,North,Salaried,0
656,98,360402,41869,5,2,South,Business,0
657,63,426140,122468,9,1,South,Self-employed,1
658,35,89286,137034,8,0,North,Salaried,1
659,82,113269,25039,6,5,West,Business,1
660,155,278635,41281,8,4,East,Salaried,0
661,72,94071,132935,4,5,South,Salaried,1
662,144,470542,30442,6,2,East,Salaried,0
663,140,241095,93788,6,3,West,Business,0
664,109,50651,139729,2,1,West,Self-employed,0
665,124,90202,47586,6,0,South,Business,0
666,147,68777,73053,0,1,North,Self-employed,0
667,173,168066,70489,8,3,West,Business,0
668,37,349407,103104,9,0,East,Business,1
669,161,210706,106346,5,3,East,Business,0
670,133,120158,87087,4,1,East,Self-employed,0
671,161,292944,32625,6,2,East,Business,0
672,54,319967,54397,4,1,West,Salaried,1
673,125,259647,78671,9,1,South,Business,0
674,122,346022,136214,4,1,South,Salaried,0
675,90,300852,111785,9,4,East,Self-employed,0
676,151,163891,86897,6,3,South,Self-employed,0
677,80,225977,46149,9,3,East,Business,1
678,176,83870,80030,6,5,East,Business,0
679,50,29283,89906,2,3,North,Business,0
680,34,181645,25283,2,5,West,Salaried,0
681,121,360851,27610,9,4,West,Self-employed,0
682,90,444149,63326,2,2,East,Salaried,0
683,51,25774,34924,5,5,West,Salaried,1
684,178,223127,133143,5,1,South,Business,0
685,99,162055,130253,2,2,East,Business,0
686,30,116468,96162,2,4,North,Salaried,0
687,162,378478,120297,7,3,South,Salaried,0
688,41,300277,20869,7,5,North,Business,1
689,119,428155,117088,6,1,North,Business,0
690,75,20781,21014,9,0,West,Salaried,1
691,63,134586,30103,3,0,West,Business,0
692,107,469916,102522,3,2,East,Business,0
693,74,309768,130317,2,3,West,Salaried,0
694,102,26823,116007,4,0,North,Salaried,0
695,55,38489,53458,2,2,North,Self-employed,0
696,76,191033,110605,7,4,South,Salaried,1
697,150,311262,102409,6,2,North,Business,0
698,85,120417,43248,2,2,East,Salaried,0
699,123,101816,109160,8,2,East,Salaried,0
700,136,173335,63516,4,1,West,Salaried,0
701,92,295709,49061,8,2,West,Self-employed,0
702,77,171426,44170,6,5,West,Self-employed,1
703,90,194023,28024,6,2,East,Business,0
704,110,373323,102214,5,1,North,Self-employed,0
705,55,43648,123792,1,1,West,Salaried,0
706,65,463945,105947,8,4,South,Self-employed,1
707,30,61971,63803,5,3,West,Salaried,1
708,37,38658,39296,7,0,East,Self-employed,1
709,142,41253,111829,0,0,West,Self-employed,0
710,128,477382,112708,4,2,North,Self-employed,0
711,76,199635,106664,0,4,West,Salaried,0
712,156,177462,38257,9,2,East,Self-employed,0
713,85,370808,32855,7,0,East,Salaried,1
714,43,202650,105178,7,1,South,Salaried,1
715,57,230097,149876,0,3,East,Business,0
716,107,123850,121121,8,4,South,Self-employed,0
717,159,445874,143324,1,1,North,Business,0
718,138,157924,40025,8,3,East,Business,0
719,43,246058,24458,0,4,West,Salaried,0
720,85,153623,83610,9,4,North,Self-employed,1
721,144,354091,90843,8,0,West,Salaried,0
722,36,81001,127237,3,1,West,Salaried,0
723,32,200231,103961,8,4,West,Self-employed,1
724,140,142775,69831,6,5,North,Salaried,0
725,136,464923,63427,5,4,North,Self-employed,0
726,47,53243,113809,4,3,East,Self-employed,1
727,67,172872,58506,8,0,West,Salaried,1
728,144,358083,25668,1,2,South,Salaried,0
729,44,339972,111470,1,0,East,Business,0
730,148,281716,67195,8,2,North,Salaried,0
731,57,420455,93233,2,1,South,Self-employed,0
732,68,288854,44417,7,1,North,Business,1
733,46,434600,101982,8,4,South,Self-employed,1
734,115,434254,126133,7,5,East,Business,0
735,155,191918,30751,3,1,South,Salaried,0
736,73,239055,66218,0,4,East,Salaried,0
737,54,481037,146649,3,0,North,Salaried,0
738,174,320135,27352,8,1,South,Self-employed,0
739,42,230129,99052,1,0,West,Business,0
740,54,420187,108835,2,0,West,Self-employed,0
741,97,442355,117493,9,5,North,Business,0
742,167,367589,48927,7,1,South,Salaried,0
743,96,228139,61094,5,0,West,Self-employed,0
744,138,100257,121948,7,5,East,Salaried,0
745,175,497958,74122,6,5,South,Self-employed,0
746,140,319855,49493,4,1,South,Salaried,0
747,140,26530,112247,8,5,West,Self-employed,0
748,63,293260,93539,3,1,East,Self-employed,0
749,140,85794,51707,5,1,East,Business,0
750,37,413498,88814,1,2,East,Salaried,0
751,142,230545,27296,1,0,South,Business,0
752,112,152970,45398,1,3,North,Business,0
753,71,24135,55842,9,1,South,Salaried,1
754,130,419845,33261,6,0,South,Self-employed,0
755,35,391616,96709,1,5,West,Business,0
756,55,407291,115985,1,4,North,Salaried,0
757,93,498336,126616,8,1,East,Self-employed,0
758,88,270870,76704,6,5,West,Business,1
759,138,109087,87173,2,5,South,Business,0
760,150,216103,51781,2,5,North,Business,0
761,62,315524,33652,6,5,East,Self-employed,1
762,179,412095,25103,4,5,East,Business,0
763,50,299215,45500,9,1,South,Self-employed,1
764,99,40074,135332,5,3,East,Business,0
765,141,241796,120336,7,2,East,Salaried,0
766,33,87843,55529,8,5,North,Business,1
767,123,59901,133499,0,5,West,Salaried,0
768,104,293349,38452,2,2,North,Salaried,0
769,91,468877,69393,6,1,West,Salaried,0
770,123,406805,51174,5,0,West,Self-employed,0
771,124,288050,84450,6,4,West,Salaried,0
772,84,415807,55436,7,4,East,Business,1
773,166,407720,67406,5,0,North,Self-employed,0
774,160,82987,83059,2,1,East,Salaried,0
775,60,476586,35954,1,4,South,Self-employed,0
776,69,362829,102722,6,2,North,Self-employed,1
777,65,392598,139747,0,0,West,Self-employed,0
778,35,387631,32356,2,3,East,Business,0
779,95,74400,148128,3,1,East,Salaried,0
780,104,176222,118499,0,0,North,Self-employed,0
781,33,51852,22187,4,4,North,Self-employed,1
782,108,456086,97243,9,1,West,Self-employed,0
783,163,334900,55098,2,2,West,Salaried,0
784,147,397501,112471,1,1,South,Self-employed,0
785,142,139052,41225,2,1,West,Self-employed,0
786,123,76481,23606,7,2,East,Business,0
787,91,283427,148664,5,5,South,Salaried,0
788,108,53691,77620,6,2,South,Business,0
789,165,414341,52828,5,1,South,Salaried,0
790,55,218137,146270,5,2,North,Salaried,1
791,73,46170,46489,2,5,West,Salaried,0
792,162,28438,34387,7,0,South,Business,0
793,99,302239,89463,6,2,North,Business,0
794,147,167226,91832,6,2,North,Business,0
795,97,421220,115980,5,1,South,Business,0
796,48,291896,131926,4,0,South,Self-employed,1
797,49,75426,132429,9,3,East,Self-employed,1
798,142,259968,22591,7,3,South,Self-employed,0
799,169,308963,143446,4,4,East,Salaried,0
800,76,374195,130431,8,2,South,Self-employed,1
801,30,175289,68516,8,2,South,Salaried,1
802,119,281501,111683,0,0,West,Business,0
803,171,239780,82061,5,5,South,Salaried,0
804,93,315138,124425,6,3,South,Salaried,0
805,67,166108,86736,2,4,East,Self-employed,0
806,66,228347,101257,6,0,East,Business,1
807,155,117756,81753,6,2,West,Business,0
808,168,462632,104774,1,3,South,Self-employed,0
809,129,422803,31087,6,4,South,Business,0
810,106,115665,50816,0,1,East,Business,0
811,32,151717,43408,4,3,North,Business,1
812,163,182002,144116,8,4,North,Self-employed,0
813,39,281691,125276,6,0,North,Business,1
814,34,101835,20136,6,1,East,Salaried,1
815,167,142232,37413,1,4,East,Salaried,0
816,159,443306,133650,7,4,North,Business,0
817,42,238561,79500,2,2,North,Self-employed,0
818,159,465358,104514,7,5,South,Self-employed,0
819,113,263051,76358,2,3,East,Self-employed,0
820,94,177547,86197,9,2,East,Business,0
821,92,432104,120776,6,1,North,Business,0
822,130,63732,112789,1,5,North,Salaried,0
823,102,232695,112420,3,4,West,Self-employed,0
824,46,328449,52854,5,2,East,Salaried,1
825,38,197109,96240,8,5,West,Salaried,1
826,172,29346,124523,4,3,South,Self-employed,0
827,67,282731,149494,8,1,West,Business,1
828,123,32763,110063,4,0,North,Business,0
829,124,210237,36322,9,2,East,Salaried,0
830,78,258553,133053,7,1,East,Salaried,1
831,98,351759,26968,0,0,West,Salaried,0
832,91,449332,47518,6,2,West,Salaried,0
833,107,140987,71925,3,1,South,Self-employed,0
834,146,236823,79848,4,1,South,Salaried,0
835,149,111353,131900,5,5,North,Salaried,0
836,166,241373,113422,4,2,North,Business,0
837,105,377792,21700,0,1,North,Business,0
838,64,45556,113782,8,4,West,Business,1
839,30,341186,121004,1,2,West,Self-employed,0
840,69,38099,43199,8,1,East,Self-employed,1
841,93,391233,64589,9,5,North,Business,0
842,179,196168,52115,1,0,West,Business,0
843,89,223058,81934,8,0,East,Salaried,1
844,93,164302,136335,5,4,North,Salaried,0
845,122,442225,140726,8,2,South,Self-employed,0
846,101,222041,74316,5,5,South,Self-employed,0
847,40,53866,25520,5,1,West,Salaried,1
848,134,125400,129814,1,1,East,Business,0
849,43,366390,56455,7,0,South,Salaried,1
850,89,359119,135284,2,5,East,Self-employed,0
851,59,455071,106465,6,4,East,Self-employed,1
852,64,363701,143364,4,0,South,Salaried,1
853,34,157488,61605,2,0,East,Salaried,0
854,112,92516,34955,0,4,South,Salaried,0
855,152,206987,64049,7,2,West,Self-employed,0
856,107,431274,33917,2,1,North,Business,0
857,91,489853,90293,1,2,North,Salaried,0
858,161,453934,98581,0,5,West,Self-employed,0
859,118,314746,139072,3,3,South,Self-employed,0
860,71,487874,84925,7,3,South,Self-employed,1
861,118,491328,127216,2,3,South,Salaried,0
862,175,209139,90269,0,4,South,Salaried,0
863,69,178588,50954,3,0,West,Business,0
864,101,149295,116671,8,2,North,Self-employed,0
865,68,107969,92617,0,1,East,Salaried,0
866,133,152161,61458,1,3,East,Self-employed,0
867,43,450562,109037,8,2,North,Self-employed,1
868,61,225735,41113,1,3,West,Business,0
869,154,161559,119977,2,3,East,Salaried,0
870,126,282299,132622,6,1,North,Salaried,0
871,52,143950,145947,2,5,West,Self-employed,0
872,92,349638,110226,8,5,East,Self-employed,0
873,172,96229,63939,5,5,South,Business,0
874,174,124648,49345,2,4,South,Business,0
875,82,58547,144616,8,0,West,Business,1
876,133,48795,66313,0,4,South,Business,0
877,133,206368,130107,9,2,West,Business,0
878,68,41447,141866,2,4,North,Business,0
879,163,187670,112365,0,2,North,Self-employed,0
880,96,455030,120598,1,2,East,Business,0
881,164,241823,89166,7,0,West,Self-employed,0
882,71,276190,67861,6,1,East,Self-employed,1
883,44,226402,117406,1,0,East,Salaried,0
884,140,272419,69298,1,5,North,Self-employed,0
885,62,249817,67221,8,5,East,Self-employed,1
886,67,370104,64942,5,4,South,Business,1
887,126,345422,23453,4,2,East,Self-employed,0
888,62,75077,122811,9,3,West,Business,1
889,115,132782,74935,5,3,South,Business,0
890,95,122932,142439,8,2,North,Business,0
891,39,485122,63370,6,0,West,Salaried,1
892,34,422744,123932,9,1,South,Business,1
893,152,463316,28328,9,0,West,Self-employed,0
894,103,392013,35534,8,2,South,Business,0
895,126,421395,105280,3,2,West,Business,0
896,147,330925,104925,1,1,West,Business,0
897,67,206339,56320,7,4,South,Salaried,1
898,170,495595,69170,3,4,North,Self-employed,0
899,76,437168,120546,8,1,North,Salaried,1
900,138,335942,100201,3,4,West,Self-employed,0
901,44,118696,148935,7,3,West,Salaried,1
902,165,70939,141006,8,4,North,Self-employed,0
903,34,311660,123401,8,4,North,Salaried,1
904,76,207598,28640,9,4,East,Business,1
905,97,161521,120252,3,3,North,Salaried,0
906,105,70290,111057,0,4,West,Salaried,0
907,159,408832,50049,2,5,South,Business,0
908,124,368805,25618,8,3,North,Business,0
909,144,355098,122540,3,1,East,Self-employed,0
910,65,304890,76053,4,0,East,Self-employed,1
911,55,87990,21920,6,1,East,Self-employed,1
912,72,78810,63937,4,0,South,Salaried,1
913,56,138362,89724,3,1,North,Self-employed,0
914,98,496513,32207,1,5,North,Salaried,0
915,177,166295,85774,1,0,North,Salaried,0
916,40,485453,52972,3,0,South,Self-employed,0
917,103,153669,30799,9,2,South,Self-employed,0
918,133,216749,91088,9,0,West,Salaried,0
919,67,284803,48916,8,0,East,Business,1
920,163,106516,90463,7,2,East,Business,0
921,52,94567,113500,2,4,North,Salaried,0
922,76,297181,96700,8,4,South,Self-employed,1
923,119,146498,57158,4,2,South,Salaried,0
924,75,197810,104607,2,3,North,Salaried,0
925,136,484894,139639,4,0,North,Self-employed,0
926,169,32109,133945,9,0,West,Business,0
927,170,304154,91696,3,2,East,Salaried,0
928,133,290931,81510,7,2,East,Business,0
929,140,259472,140076,4,3,East,Business,0
930,133,159544,78692,9,5,West,Self-employed,0
931,89,266183,81744,7,4,North,Salaried,1
932,129,174455,35810,8,1,North,Salaried,0
933,97,343853,25126,3,5,East,Business,0
934,162,483001,50009,6,4,East,Business,0
935,149,264325,119120,1,0,West,Self-employed,0
936,66,54518,131718,5,5,South,Business,1
937,101,73909,110932,7,2,South,Self-employed,0
938,156,300495,20192,6,3,East,Salaried,0
939,135,220696,136464,6,4,West,Self-employed,0
940,121,466546,56413,7,3,East,Business,0
941,60,35282,32816,6,4,South,Salaried,1
942,151,498082,59082,4,5,East,Self-employed,0
943,166,259017,85048,6,0,South,Salaried,0
944,80,434994,143130,9,1,South,Self-employed,1
945,58,437480,70940,2,3,South,Business,0
946,69,472891,52130,4,3,North,Business,1
947,70,287219,60142,6,1,North,Salaried,1
948,40,489164,149564,8,3,East,Salaried,1
949,30,199526,56468,1,3,South,Salaried,0
950,75,48365,50698,3,4,North,Self-employed,0
951,130,485982,30655,6,4,East,Business,0
952,178,461416,67897,0,1,East,Salaried,0
953,119,293146,50075,1,0,East,Salaried,0
954,139,296091,29359,8,5,East,Salaried,0
955,86,230294,149048,9,5,East,Self-employed,1
956,30,376984,122197,6,3,West,Salaried,1
957,92,136219,125115,9,0,South,Salaried,0
958,84,360754,62056,6,1,East,Self-employed,1
959,144,334286,71831,5,1,West,Self-employed,0
960,172,76307,79191,2,4,South,Salaried,0
961,178,155565,138592,9,3,North,Salaried,0
962,82,275095,141948,2,2,East,Self-employed,0
963,166,332229,53272,1,1,West,Business,0
964,86,54228,128117,5,3,North,Self-employed,1
965,146,230748,34671,3,0,West,Business,0
966,64,465091,47048,4,4,South,Salaried,1
967,92,444871,96274,2,5,South,Salaried,0
968,54,63472,45963,5,0,North,Business,1
969,119,331581,63954,2,1,West,Self-employed,0
970,104,462632,92309,7,1,East,Salaried,0
971,67,341855,122120,8,0,East,Business,1
972,159,157888,115430,3,1,North,Self-employed,0
973,164,97175,20717,8,3,North,Business,0
974,120,84307,31676,6,1,North,Self-employed,0
975,46,328877,24434,2,4,West,Self-employed,0
976,157,410346,69810,6,3,East,Self-employed,0
977,137,115028,123361,0,2,East,Self-employed,0
978,54,162312,138696,2,1,East,Business,0
979,117,112493,114636,5,1,North,Business,0
980,58,145149,24994,3,4,East,Business,0
981,92,249416,24234,6,4,South,Business,0
982,179,222435,89300,2,5,North,Business,0
983,143,183834,63949,0,0,East,Self-employed,0
984,78,290403,57405,8,0,West,Salaried,1
985,110,201211,54872,5,0,North,Salaried,0
986,113,410919,62215,7,4,South,Business,0
987,134,296993,43185,2,0,South,Business,0
988,177,363912,63442,7,0,West,Salaried,0
989,147,388252,143263,1,2,West,Self-employed,0
990,115,371853,71759,3,0,North,Business,0
991,92,337013,61153,2,1,North,Self-employed,0
992,133,409032,97535,9,5,South,Salaried,0
993,78,83095,122023,0,4,West,Salaried,0
994,100,137886,22581,6,3,North,Business,0
995,30,353054,71717,9,5,South,Self-employed,1
996,170,499926,22763,1,2,West,Business,0
997,152,305711,112910,3,4,South,Salaried,0
998,91,55292,75480,8,4,East,Self-employed,0
999,61,94813,58759,5,1,West,Business,1
1000,58,117136,96067,7,5,North,Business,1
1001,78,71631,138094,1,5,North,Business,0
1002,59,29885,45307,6,0,East,Salaried,1
1003,173,472875,116371,5,1,West,Business,0
1004,48,205378,31064,8,0,South,Self-employed,1
1005,47,348458,96848,6,0,North,Business,1
1006,30,347231,57548,0,4,East,Salaried,0
1007,107,442381,56945,7,5,East,Business,0
1008,144,472145,67937,9,0,West,Salaried,0
1009,142,480244,26476,2,2,West,Salaried,0
1010,143,378142,71756,1,2,North,Self-employed,0
1011,92,69812,110101,2,5,East,Self-employed,0
1012,161,201572,22382,5,2,South,Business,0
1013,158,492367,69683,2,4,East,Salaried,0
1014,37,340787,107999,9,1,South,Salaried,1
1015,84,64900,65276,4,3,South,Self-employed,1
1016,132,456162,53402,5,0,North,Self-employed,0
1017,160,421067,111881,7,3,East,Business,0
1018,61,298432,130300,6,1,South,Salaried,1
1019,39,92692,46946,7,1,West,Self-employed,1
1020,139,480796,99698,2,4,South,Business,0
1021,153,420584,134690,3,2,West,Salaried,0
1022,116,367580,132309,5,2,West,Salaried,0
1023,84,247208,93933,6,1,East,Self-employed,1
1024,61,66403,42335,8,4,West,Business,1
1025,164,111170,65095,0,4,South,Self-employed,0
1026,122,291312,99930,7,5,West,Business,0
1027,37,499713,149974,7,0,East,Salaried,1
1028,94,332023,47197,5,2,North,Business,0
1029,86,79871,147619,3,1,South,Business,0
1030,96,52174,42010,2,5,South,Business,0
1031,101,250823,44123,2,3,East,Business,0
1032,83,243563,107923,5,2,East,Business,1
1033,96,157653,22890,7,0,East,Self-employed,0
1034,80,130155,113305,6,4,East,Business,1
1035,126,353997,129162,0,1,South,Business,0
1036,121,346190,140927,5,2,North,Salaried,0
1037,37,331822,28026,6,3,West,Business,1
1038,64,308793,84925,6,0,West,Salaried,1
1039,125,147795,88842,8,0,North,Self-employed,0
1040,117,108668,53665,9,5,North,Self-employed,0
1041,107,233397,29277,4,2,North,Business,0
1042,61,165639,62239,0,3,East,Self-employed,0
1043,149,493620,67664,1,0,South,Business,0
1044,75,372050,68008,3,1,South,Self-employed,0
1045,173,259141,34683,4,0,South,Business,0
1046,171,116019,20670,8,3,East,Business,0
1047,84,475160,109211,0,4,South,Salaried,0
1048,36,360146,37889,2,4,East,Salaried,0
1049,103,48803,75612,4,5,South,Salaried,0
1050,36,169302,64535,2,2,North,Salaried,0
1051,114,168934,98542,3,3,West,Business,0
1052,176,456571,74319,2,5,West,Self-employed,0
1053,141,444475,134072,3,0,East,Business,0
1054,154,250147,112067,0,0,South,Salaried,0
1055,176,50795,41639,7,4,West,Salaried,0
1056,65,290914,84712,3,5,North,Self-employed,0
1057,58,31093,36633,6,4,North,Salaried,1
1058,111,459787,141145,1,1,North,Business,0
1059,31,413409,54660,1,4,East,Business,0
1060,158,382455,88975,5,1,East,Business,0
1061,76,299713,52172,1,0,South,Business,0
1062,177,293334,79197,5,5,North,Business,0
1063,40,344968,121158,1,1,South,Self-employed,0
1064,159,193824,78847,3,5,South,Business,0
1065,148,183399,31577,6,5,North,Salaried,0
1066,169,324214,97299,7,1,South,Salaried,0
1067,49,499141,40176,2,2,West,Salaried,0
1068,34,60197,64386,8,4,East,Salaried,1
1069,66,22261,83972,1,1,South,Self-employed,0
1070,166,177584,140018,7,0,North,Salaried,0
1071,82,419932,109791,7,5,East,Self-employed,1
1072,128,368939,61003,3,3,East,Salaried,0
1073,115,311077,39996,0,1,South,Self-employed,0
1074,137,155450,120922,0,4,West,Self-employed,0
1075,53,60583,106598,1,5,South,Self-employed,0
1076,110,394226,55931,8,2,West,Salaried,0
1077,149,367515,144168,1,0,East,Self-employed,0
1078,88,180105,55710,1,2,South,Business,0
1079,157,437216,143099,5,3,North,Business,0
1080,143,131032,54693,6,1,South,Salaried,0
1081,144,226940,55740,6,5,West,Business,0
1082,43,324748,97241,8,1,West,Business,1
1083,38,481552,128944,5,4,South,Business,1
1084,69,377218,113583,7,1,West,Salaried,1
1085,54,246727,96502,5,0,East,Salaried,1
1086,132,93869,37374,1,3,South,Business,0
1087,51,287554,96674,0,2,West,Salaried,0
1088,33,365519,136500,4,3,South,Self-employed,1
1089,58,207116,101471,8,5,South,Business,1
1090,138,214387,65913,7,1,North,Salaried,0
1091,127,378199,143683,3,5,South,Salaried,0
1092,66,222416,86025,4,2,North,Business,1
1093,104,420012,64516,4,5,West,Salaried,0
1094,99,106716,107796,5,4,North,Business,0
1095,175,74245,46069,2,3,North,Salaried,0
1096,157,63056,138333,4,2,North,Self-employed,0
1097,114,430925,76233,1,2,East,Business,0
1098,71,270736,104811,9,2,North,Self-employed,1
1099,129,340701,79049,0,0,South,Business,0
1100,70,299687,121820,0,3,North,Salaried,0
1101,63,450634,138028,9,5,South,Self-employed,1
1102,46,245683,59178,6,2,North,Salaried,1
1103,151,378182,52821,1,3,East,Business,0
1104,105,429940,71727,3,2,West,Business,0
1105,116,285972,80935,4,4,North,Business,0
1106,146,136656,36999,6,4,North,Business,0
1107,135,37087,82522,1,4,East,Business,0
1108,115,425821,58712,5,1,North,Self-employed,0
1109,56,313481,84551,0,2,South,Business,0
1110,86,156554,60172,6,1,North,Salaried,1
1111,60,347477,53722,8,3,North,Self-employed,1
1112,163,202024,30625,4,1,West,Salaried,0
1113,127,156535,87165,4,3,West,Business,0
1114,41,263236,96509,3,3,North,Salaried,0
1115,82,90448,26859,2,3,East,Self-employed,0
1116,167,24648,61609,8,5,West,Self-employed,0
1117,174,412720,63307,4,1,North,Self-employed,0
1118,151,315767,130986,7,5,West,Salaried,0
1119,75,472372,121582,8,2,North,Self-employed,1
1120,93,55634,41839,4,1,West,Salaried,0
1121,159,457818,47216,9,2,West,Business,0
1122,83,396742,72953,8,2,South,Business,1
1123,136,331478,104481,1,3,North,Salaried,0
1124,80,350792,80593,8,1,North,Self-employed,1
1125,65,42054,92075,3,2,North,Salaried,0
1126,144,90028,69522,5,4,North,Salaried,0
1127,55,42207,119161,5,2,West,Salaried,1
1128,58,493866,24886,5,4,South,Business,1
1129,178,250893,131249,1,1,South,Salaried,0
1130,40,101554,27485,6,5,East,Business,1
1131,69,172458,51455,5,1,North,Salaried,1
1132,40,103276,131984,0,5,East,Business,0
1133,142,472734,36767,1,5,West,Salaried,0
1134,68,334925,132701,6,1,East,Salaried,1
1135,83,203852,48453,0,2,North,Self-employed,0
1136,127,212512,96280,0,0,South,Self-employed,0
1137,84,457415,122638,0,2,South,Salaried,0
1138,140,343179,73442,7,2,North,Salaried,0
1139,179,28210,71877,3,3,West,Salaried,0
1140,98,64363,32226,3,3,North,Salaried,0
1141,85,262247,113405,1,2,West,Self-employed,0
1142,62,98279,42588,0,4,South,Business,0
1143,65,211420,98976,9,5,West,Salaried,1
1144,177,206356,51709,8,3,North,Self-employed,0
1145,110,223196,67788,6,2,North,Salaried,0
1146,138,219919,108031,3,0,North,Salaried,0
1147,102,435648,57019,5,4,West,Business,0
1148,69,277324,64948,1,1,West,Salaried,0
1149,46,215161,85133,6,2,West,Salaried,1
1150,158,468614,134444,1,2,South,Business,0
1151,90,250363,86458,9,5,East,Business,0
1152,133,154393,137603,7,4,East,Business,0
1153,71,363492,47526,7,3,North,Business,1
1154,54,450599,93493,0,3,South,Self-employed,0
1155,68,395960,148585,7,3,West,Self-employed,1
1156,64,229754,72198,1,1,North,Self-employed,0
1157,160,143053,134100,5,4,South,Salaried,0
1158,137,492406,143854,0,4,North,Business,0
1159,131,203965,119534,4,3,South,Business,0
1160,127,186892,63395,6,3,South,Self-employed,0
1161,41,348406,44031,9,5,East,Salaried,1
1162,48,154832,95542,0,0,North,Salaried,0
1163,130,173262,145814,1,0,West,Salaried,0
1164,73,87411,57701,6,2,East,Self-employed,1
1165,78,305521,132599,5,2,East,Salaried,1
1166,46,459953,45939,2,4,West,Salaried,0
1167,103,482785,69145,9,4,South,Salaried,0
1168,86,58211,40324,1,1,West,Business,0
1169,84,233981,42867,9,1,North,Self-employed,1
1170,76,285888,20203,3,0,West,Business,0
1171,41,276638,36544,2,2,South,Business,0
1172,91,307139,35899,6,0,West,Self-employed,0
1173,109,168049,49063,7,0,South,Business,0
1174,112,249010,110880,1,2,South,Salaried,0
1175,37,54542,23748,9,1,North,Salaried,1
1176,178,30651,125022,6,5,West,Salaried,0
1177,110,119239,137269,7,5,West,Salaried,0
1178,147,361075,86629,5,5,North,Self-employed,0
1179,54,246416,100764,5,2,South,Business,1
1180,118,384256,40884,9,3,West,Business,0
1181,41,298859,45183,0,3,North,Salaried,0
1182,172,457625,101570,3,3,South,Salaried,0
1183,88,175378,91246,0,4,North,Business,0
1184,138,170158,128036,3,1,West,Self-employed,0
1185,55,427592,39259,1,1,North,Business,0
1186,76,343494,55959,4,4,East,Salaried,1
1187,61,353569,136525,9,0,South,Salaried,1
1188,39,449852,53457,8,5,East,Self-employed,1
1189,45,368264,105679,9,3,East,Business,1
1190,174,397033,145829,2,5,South,Self-employed,0
1191,55,464865,148216,7,3,South,Self-employed,1
1192,115,447826,22103,2,5,North,Salaried,0
1193,164,161130,85901,5,0,South,Business,0
1194,43,275948,132314,3,5,East,Salaried,0
1195,108,356781,64535,7,5,East,Business,0
1196,146,491249,36103,5,2,West,Salaried,0
1197,36,352338,118046,7,5,South,Salaried,1
1198,166,359061,110012,0,2,East,Business,0
1199,144,84200,98278,5,1,West,Business,0
1200,101,125848,32391,0,4,West,Salaried,0
1201,88,126022,122476,0,5,North,Business,0
1202,111,197691,48901,7,1,East,Salaried,0
1203,145,430370,140721,6,2,North,Business,0
1204,175,432755,117537,2,5,East,Salaried,0
1205,132,276453,101159,5,5,North,Salaried,0
1206,46,342202,87914,8,0,North,Salaried,1
1207,43,82068,70357,6,1,South,Self-employed,1
1208,137,490529,106908,2,3,North,Business,0
1209,74,382076,130335,5,3,South,Salaried,1
1210,127,181445,58437,3,0,West,Self-employed,0
1211,160,184226,55503,2,2,East,Salaried,0
1212,66,157103,116282,8,3,West,Self-employed,1
1213,137,244605,113459,9,3,East,Salaried,0
1214,68,223047,95403,1,4,West,Salaried,0
1215,44,304929,61258,0,1,East,Self-employed,0
1216,149,492144,53724,1,2,North,Self-employed,0
1217,33,269768,84286,6,5,East,Business,1
1218,122,179741,94842,9,1,East,Business,0
1219,170,114475,124927,0,2,West,Self-employed,0
1220,45,22282,34908,5,3,West,Business,1
1221,137,185696,112617,6,4,West,Self-employed,0
1222,155,199510,70626,8,1,South,Business,0
1223,84,240972,57228,7,3,South,Salaried,1
1224,63,349678,43386,5,2,East,Business,1
1225,42,182777,66754,2,1,East,Salaried,0
1226,170,451460,130942,7,5,North,Salaried,0
1227,47,357108,48302,6,1,North,Business,1
1228,125,188509,80815,2,3,East,Self-employed,0
1229,152,228944,141084,8,1,South,Salaried,0
1230,68,488094,104748,1,5,East,Salaried,0
1231,75,139006,83344,2,4,North,Business,0
1232,58,256440,55618,1,4,South,Self-employed,0
1233,91,224054,131603,0,3,South,Self-employed,0
1234,45,332727,96234,3,2,North,Business,0
1235,150,320536,81114,4,3,East,Self-employed,0
1236,39,27461,137652,5,4,West,Business,1
1237,132,120123,90130,4,0,East,Business,0
1238,113,292660,45525,0,0,East,Business,0
1239,162,492501,99818,2,1,North,Salaried,0
1240,94,168586,134589,0,5,South,Salaried,0
1241,32,403395,34334,4,1,North,Salaried,1
1242,171,449484,114715,4,0,East,Business,0
1243,149,251496,82767,5,4,West,Salaried,0
1244,97,187860,26644,7,1,West,Salaried,0
1245,175,226821,121154,9,3,West,Salaried,0
1246,66,212121,133237,0,5,North,Business,0
1247,102,344637,52933,3,3,South,Business,0
1248,172,56027,146366,9,5,North,Business,0
1249,78,375691,63469,0,4,West,Salaried,0
1250,150,193921,53687,8,1,East,Self-employed,0
1251,117,382271,126609,6,5,South,Salaried,0
1252,169,168930,72656,6,3,North,Salaried,0
1253,66,235234,37375,4,1,North,Business,1
1254,90,99003,134019,6,1,South,Business,0
1255,153,203467,140735,1,3,South,Salaried,0
1256,68,59758,85206,3,0,East,Salaried,0
1257,92,336456,116462,6,5,South,Self-employed,0
1258,75,350814,56607,2,3,East,Self-employed,0
1259,117,102279,103178,1,4,West,Business,0
1260,40,35434,43993,9,2,West,Self-employed,1
1261,91,215119,64386,1,3,North,Self-employed,0
1262,106,460991,143394,0,1,West,Business,0
1263,81,357913,66287,4,1,West,Self-employed,1
1264,33,265754,106724,5,3,East,Salaried,1
1265,88,348821,118132,5,2,North,Self-employed,1
1266,101,103555,113308,8,3,South,Business,0
1267,177,148379,116393,3,2,North,Salaried,0
1268,122,236992,147314,0,2,West,Self-employed,0
1269,92,259511,96312,5,4,South,Salaried,0
1270,83,196806,118371,4,5,North,Salaried,1
1271,146,383809,95324,9,1,North,Self-employed,0
1272,139,453819,91196,5,1,North,Self-employed,0
1273,103,489924,90014,2,2,North,Business,0
1274,136,495142,28210,1,1,East,Business,0
1275,86,88803,30922,5,0,North,Salaried,1
1276,32,452548,56289,0,2,West,Business,0
1277,149,373847,149097,6,1,West,Salaried,0
1278,35,303456,53340,6,0,East,Salaried,1
1279,34,244448,59850,9,4,South,Business,1
1280,34,497742,76984,6,1,South,Business,1
1281,83,195251,123699,9,0,West,Business,1
1282,76,222514,133711,0,3,West,Self-employed,0
1283,38,265404,104178,3,5,East,Salaried,0
1284,128,137961,31094,6,3,South,Salaried,0
1285,49,322523,107959,8,0,South,Salaried,1
1286,151,37297,53418,4,2,North,Business,0
1287,90,284155,25741,1,2,North,Business,0
1288,152,140234,131585,6,1,North,Business,0
1289,111,64014,92374,9,3,East,Business,0
1290,91,263166,137275,0,2,West,Business,0
1291,174,424954,142564,6,2,East,Self-employed,0
1292,32,376477,88798,5,3,South,Business,1
1293,42,198570,136026,6,4,West,Salaried,1
1294,149,278864,90532,9,2,North,Business,0
1295,154,293264,130130,2,5,East,Salaried,0
1296,118,421983,42164,2,0,East,Business,0
1297,102,304996,55595,6,1,North,Business,0
1298,97,361383,50257,1,2,East,Salaried,0
1299,171,414145,34211,0,5,North,Salaried,0
1300,130,228559,115989,8,5,South,Salaried,0
1301,127,111575,25232,8,2,West,Salaried,0
1302,40,115040,87753,6,4,South,Self-employed,1
1303,134,168510,72691,6,0,South,Salaried,0
1304,96,199587,109765,2,1,North,Business,0
1305,152,25744,99768,9,2,East,Business,0
1306,58,234892,45613,1,1,South,Self-employed,0
1307,166,455633,34026,6,3,South,Salaried,0
1308,105,420285,73535,8,5,South,Business,0
1309,38,324503,114090,0,5,East,Self-employed,0
1310,69,170871,50908,3,2,East,Business,0
1311,54,380890,72113,5,2,North,Self-employed,1
1312,34,244834,39610,6,3,South,Self-employed,1
1313,168,140906,66646,9,4,West,Salaried,0
1314,153,221260,125141,6,2,East,Self-employed,0
1315,67,240931,83185,9,5,North,Business,1
1316,101,273593,92567,1,1,South,Business,0
1317,162,258746,67574,3,0,West,Salaried,0
1318,119,27597,143978,4,1,East,Salaried,0
1319,175,329237,145204,0,4,West,Self-employed,0
1320,66,450442,111051,0,0,East,Salaried,0
1321,89,223199,122020,9,1,North,Business,1
1322,57,396794,56182,2,1,West,Business,0
1323,110,228434,136136,9,3,South,Salaried,0
1324,143,177489,20570,2,4,South,Salaried,0
1325,69,431909,117790,7,5,East,Salaried,1
1326,74,492890,39288,8,3,South,Self-employed,1
1327,91,403100,98824,0,0,West,Self-employed,0
1328,122,135598,49877,1,5,North,Business,0
1329,144,270100,104425,9,3,East,Self-employed,0
1330,96,278589,20917,1,4,West,Self-employed,0
1331,85,204233,95602,3,2,East,Self-employed,0
1332,69,272388,115040,1,2,North,Self-employed,0
1333,127,153241,84575,6,0,East,Business,0
1334,69,235164,92518,8,2,South,Salaried,1
1335,120,173124,142115,6,3,South,Business,0
1336,62,485065,59104,5,0,East,Self-employed,1
1337,35,224923,38062,9,5,North,Salaried,1
1338,176,28036,36999,0,4,North,Salaried,0
1339,109,51778,81845,9,0,South,Salaried,0
1340,121,440950,29941,8,5,North,Business,0
1341,126,174245,81169,4,0,East,Salaried,0
1342,88,181475,43470,4,1,West,Business,1
1343,88,479537,149744,5,1,East,Business,1
1344,77,222747,130684,8,0,South,Self-employed,1
1345,42,419560,79821,7,2,South,Self-employed,1
1346,136,38800,106669,7,1,South,Salaried,0
1347,74,307516,138193,7,4,North,Salaried,1
1348,118,343660,64435,0,5,East,Self-employed,0
1349,129,302682,24529,0,3,West,Business,0
1350,36,346062,103055,7,1,East,Business,1
1351,162,428189,32192,4,0,West,Self-employed,0
1352,74,353299,94102,8,2,East,Business,1
1353,87,251312,92762,1,3,South,Self-employed,0
1354,60,79500,123466,8,5,West,Self-employed,1
1355,52,187647,134894,7,5,East,Salaried,1
1356,167,256527,106795,8,1,North,Salaried,0
1357,136,455477,54087,3,5,North,Self-employed,0
1358,68,130659,86677,0,5,East,Salaried,0
1359,111,47716,24627,0,2,South,Self-employed,0
1360,129,416452,76541,4,2,West,Business,0
1361,31,429064,132805,1,2,East,Business,0
1362,106,22352,88226,7,0,North,Business,0
1363,41,153004,125627,9,5,West,Business,1
1364,68,358593,23255,4,5,North,Self-employed,1
1365,42,28556,77433,4,5,North,Business,1
1366,75,281973,25213,1,4,East,Business,0
1367,142,368980,122412,6,2,North,Business,0
1368,46,156570,39404,7,3,West,Business,1
1369,133,227190,136545,9,1,South,Self-employed,0
1370,127,70098,45380,0,3,East,Business,0
1371,117,477602,111056,1,0,West,Salaried,0
1372,138,394313,39173,9,0,East,Salaried,0
1373,99,160641,148833,3,5,North,Salaried,0
1374,103,267199,73027,4,3,North,Salaried,0
1375,92,146060,43989,1,5,West,Salaried,0
1376,89,207954,128106,0,4,West,Salaried,0
1377,108,221465,44519,8,0,South,Self-employed,0
1378,66,150544,145803,0,0,West,Salaried,0
1379,51,20340,42439,3,3,West,Business,0
1380,177,195021,138570,1,0,East,Salaried,0
1381,125,102302,96949,3,4,North,Self-employed,0
1382,97,475659,34995,7,4,West,Salaried,0
1383,46,242740,43559,7,4,South,Business,1
1384,41,487243,148028,8,1,West,Business,1
1385,179,20138,130887,4,4,North,Self-employed,0
1386,174,413574,109049,6,4,West,Self-employed,0
1387,167,139619,25021,2,1,East,Self-employed,0
1388,147,488466,118000,9,5,North,Self-employed,0
1389,51,367520,41119,3,2,West,Salaried,0
1390,149,119931,71539,9,0,East,Salaried,0
1391,79,443870,114835,8,4,North,Business,1
1392,43,176951,59350,9,0,West,Self-employed,1
1393,58,363676,66223,9,3,East,Self-employed,1
1394,154,337922,45517,0,0,South,Salaried,0
1395,36,57772,98653,1,5,East,Self-employed,0
1396,58,78478,42250,4,1,South,Business,1
1397,168,477569,104486,2,0,West,Business,0
1398,62,46762,102895,1,0,East,Self-employed,0
1399,163,164355,109132,0,0,South,Business,0
1400,140,214994,111066,9,2,North,Business,0
1401,108,190492,86798,2,2,East,Salaried,0
1402,87,337712,74199,0,3,West,Business,0
1403,55,367234,143823,0,1,North,Self-employed,0
1404,58,302363,79546,0,0,South,Self-employed,0
1405,33,339313,148180,7,0,East,Business,1
1406,128,94965,125686,2,0,East,Self-employed,0
1407,170,197912,108151,0,0,West,Salaried,0
1408,68,195767,23327,6,2,North,Business,1
1409,44,256281,140318,9,5,East,Business,1
1410,148,104754,49768,2,5,East,Business,0
1411,58,97988,84418,7,3,North,Self-employed,1
1412,104,471558,114386,3,4,East,Self-employed,0
1413,145,170023,136947,3,1,North,Business,0
1414,61,152379,62788,4,5,North,Self-employed,1
1415,159,100388,135945,5,0,North,Self-employed,0
1416,113,372912,102384,6,5,West,Business,0
1417,51,317572,66830,3,3,North,Business,0
1418,56,259779,72446,7,4,North,Self-employed,1
1419,110,374165,125078,5,5,South,Business,0
1420,155,400562,35160,0,3,South,Business,0
1421,121,226846,76583,0,2,West,Business,0
1422,50,190047,53998,8,4,North,Business,1
1423,76,152212,47230,9,3,South,Self-employed,1
1424,130,438058,29076,5,5,South,Business,0
1425,113,308565,89341,9,2,East,Salaried,0
1426,35,283852,51085,7,3,North,Business,1
1427,176,416846,75571,6,3,South,Salaried,0
1428,160,432811,34715,5,5,West,Business,0
1429,30,96021,148308,3,4,East,Salaried,0
1430,87,179380,25750,6,2,East,Salaried,1
1431,153,64789,133931,8,0,North,Business,0
1432,44,468906,98768,9,1,North,Business,1
1433,93,46086,138544,9,4,East,Business,0
1434,54,299003,55903,6,2,West,Salaried,1
1435,53,27684,92489,0,3,North,Self-employed,0
1436,41,111088,52093,9,2,North,Self-employed,1
1437,47,414423,111036,8,1,East,Business,1
1438,44,66099,107954,3,5,East,Self-employed,0
1439,56,480712,139277,2,1,North,Self-employed,0
1440,101,86093,54314,3,0,South,Business,0
1441,89,180761,68225,3,0,North,Salaried,0
1442,174,330795,107985,9,1,South,Business,0
1443,122,33893,103014,1,4,East,Self-employed,0
1444,82,86418,55179,0,4,South,Salaried,0
1445,37,145074,137305,9,3,West,Self-employed,1
1446,108,385209,132417,0,0,East,Salaried,0
1447,56,150351,45338,7,3,North,Self-employed,1
1448,79,211083,112435,1,0,North,Business,0
1449,160,58635,89681,9,1,East,Self-employed,0
1450,122,469331,52101,4,4,East,Self-employed,0
1451,53,115071,22775,3,4,West,Salaried,0
1452,89,491621,131497,7,1,East,Self-employed,1
1453,151,485918,117183,1,3,North,Business,0
1454,160,360662,65619,9,3,West,Business,0
1455,177,388377,65838,8,2,North,Business,0
1456,75,385795,141316,6,0,South,Salaried,1
1457,44,92805,39539,6,3,East,Salaried,1
1458,46,472170,122274,0,1,South,Self-employed,0
1459,155,441280,77124,1,3,North,Self-employed,0
1460,113,404957,85149,3,4,South,Self-employed,0
1461,38,361207,46616,3,0,South,Salaried,0
1462,92,284598,99655,2,5,North,Salaried,0
1463,146,303022,110695,6,2,North,Self-employed,0
1464,159,202170,74567,7,0,East,Salaried,0
1465,117,213226,57099,1,4,South,Salaried,0
1466,101,164063,95831,3,4,West,Business,0
1467,168,88344,120246,2,4,West,Business,0
1468,93,387090,81799,1,4,North,Self-employed,0
1469,101,56593,140714,5,1,North,Self-employed,0
1470,50,56304,110221,3,2,South,Business,0
1471,47,443602,134879,5,5,North,Salaried,1
1472,93,206292,45479,1,4,West,Self-employed,0
1473,111,133613,66172,3,4,East,Self-employed,0
1474,139,220410,119165,5,3,East,Self-employed,0
1475,124,434299,75863,4,2,South,Salaried,0
1476,61,38354,62043,2,0,East,Business,0
1477,40,304334,102569,7,2,North,Self-employed,1
1478,74,26142,122438,6,2,North,Business,1
1479,62,441614,130107,2,5,North,Business,0
1480,131,203043,35408,5,2,North,Salaried,0
1481,165,324006,142275,3,5,South,Salaried,0
1482,40,204482,77980,4,4,East,Salaried,1
1483,117,170575,102956,4,4,West,Salaried,0
1484,70,145438,36351,6,1,East,Salaried,1
1485,174,68456,24131,4,5,North,Salaried,0
1486,105,120167,136836,2,5,West,Self-employed,0
1487,150,364179,64825,9,0,South,Business,0
1488,75,290160,31349,4,3,North,Salaried,1
1489,109,284528,80931,6,2,North,Self-employed,0
1490,83,213392,64254,4,0,West,Business,1
1491,115,428288,58225,4,5,South,Salaried,0
1492,121,122239,124383,8,0,West,Salaried,0
1493,177,131431,32453,2,1,South,Self-employed,0
1494,126,362162,38814,5,3,North,Business,0
1495,31,60510,38263,0,5,East,Salaried,0
1496,62,200005,97694,9,5,North,Business,1
1497,106,303970,35735,4,2,East,Self-employed,0
1498,145,350170,35830,7,3,East,Salaried,0
1499,179,141668,67893,4,1,South,Business,0
1500,132,262700,64673,8,4,West,Self-employed,0
1501,132,438734,147006,5,0,South,Self-employed,0
1502,119,44045,109462,7,2,North,Salaried,0
1503,151,201948,65066,9,5,West,Business,0
1504,172,110102,120315,7,4,East,Salaried,0
1505,135,334063,23373,2,1,East,Salaried,0
1506,148,119441,30335,6,3,North,Business,0
1507,78,178175,43741,6,0,West,Business,1
1508,133,269877,30692,9,2,North,Business,0
1509,90,449404,67295,5,5,North,Self-employed,0
1510,152,156917,65541,6,5,South,Self-employed,0
1511,163,237770,54057,1,4,North,Business,0
1512,38,449890,86983,8,4,West,Self-employed,1
1513,35,138325,39583,9,0,North,Salaried,1
1514,102,39337,42765,9,3,West,Business,0
1515,132,173385,79287,0,1,East,Salaried,0
1516,70,440159,43906,0,3,North,Business,0
1517,143,360093,140747,2,3,West,Salaried,0
1518,37,282420,105103,2,3,East,Business,0
1519,101,333295,99675,0,0,West,Salaried,0
1520,121,430827,66525,6,0,East,Business,0
1521,91,163016,58230,3,1,South,Business,0
1522,113,335031,137904,9,3,North,Self-employed,0
1523,91,101442,39520,1,0,North,Salaried,0
1524,140,69847,105238,9,1,East,Self-employed,0
1525,156,78653,71934,4,5,South,Salaried,0
1526,36,237144,45566,5,1,West,Self-employed,1
1527,113,273661,93193,8,3,South,Business,0
1528,161,338766,123224,3,2,West,Self-employed,0
1529,163,309954,50134,1,3,West,Self-employed,0
1530,87,97842,30345,4,2,North,Business,1
1531,51,404369,141012,2,1,East,Self-employed,0
1532,156,292647,141015,1,5,North,Business,0
1533,32,104761,61185,0,5,North,Salaried,0
1534,156,450192,135464,9,0,North,Self-employed,0
1535,70,408583,112949,1,5,West,Business,0
1536,135,293734,90744,5,4,North,Business,0
1537,43,161958,53455,7,1,West,Self-employed,1
1538,41,426082,135217,2,0,East,Salaried,0
1539,116,348768,48018,8,5,West,Self-employed,0
1540,41,482115,74219,8,1,West,Business,1
1541,170,183864,65991,1,3,South,Salaried,0
1542,54,422980,93616,7,5,North,Self-employed,1
1543,74,276910,107438,9,2,North,Business,1
1544,151,140356,136841,4,1,North,Self-employed,0
1545,176,237228,29486,3,0,North,Salaried,0
1546,84,62727,58862,9,3,South,Salaried,1
1547,129,360615,141662,4,4,South,Salaried,0
1548,165,28068,78870,3,3,South,Salaried,0
1549,148,136923,106694,7,5,South,Salaried,0
1550,82,420511,125996,3,2,North,Self-employed,0
1551,61,454376,63856,9,3,West,Salaried,1
1552,80,31390,121407,5,4,East,Salaried,1
1553,73,126752,120744,1,0,South,Business,0
1554,111,433347,106055,4,1,West,Salaried,0
1555,175,376898,51379,5,2,South,Business,0
1556,179,358113,84729,4,4,North,Business,0
1557,66,166110,48378,1,5,North,Business,0
1558,125,465543,125428,6,5,West,Self-employed,0
1559,85,244790,74353,3,5,West,Self-employed,0
1560,134,359208,69996,7,2,West,Business,0
1561,88,41281,34031,6,3,North,Self-employed,1
1562,160,74189,100072,6,2,North,Salaried,0
1563,64,282093,85982,8,5,East,Self-employed,1
1564,122,330655,56683,0,4,West,Salaried,0
1565,126,142115,134091,9,1,East,Salaried,0
1566,164,28605,137797,5,1,South,Self-employed,0
1567,105,382462,37618,5,2,East,Self-employed,0
1568,78,414597,26587,5,5,South,Business,1
1569,123,479850,82790,5,0,South,Self-employed,0
1570,53,301954,51480,9,2,East,Self-employed,1
1571,177,269415,118530,6,5,West,Self-employed,0
1572,66,175394,40527,9,3,South,Salaried,1
1573,33,61869,43569,5,1,West,Salaried,1
1574,137,52955,31151,0,1,North,Salaried,0
1575,155,81388,91094,2,1,South,Business,0
1576,49,261324,79174,1,0,North,Business,0
1577,79,30207,64739,5,5,East,Business,1
1578,125,238401,52954,7,5,West,Salaried,0
1579,134,480844,132984,2,5,East,Self-employed,0
1580,146,179292,132863,9,5,South,Business,0
1581,127,497266,129373,7,0,North,Business,0
1582,95,225157,55303,7,4,South,Salaried,0
1583,108,42031,54700,4,2,East,Business,0
1584,35,483937,113036,7,2,West,Self-employed,1
1585,68,362951,143728,5,5,West,Salaried,1
1586,144,91312,87568,4,3,South,Salaried,0
1587,154,79766,86788,8,1,South,Self-employed,0
1588,41,163521,91045,6,0,North,Self-employed,1
1589,160,371977,57842,7,3,East,Self-employed,0
1590,47,207771,33900,0,3,South,Business,0
1591,69,257199,147992,1,5,North,Self-employed,0
1592,50,494469,100059,7,0,South,Salaried,1
1593,172,256731,21881,8,2,West,Self-employed,0
1594,128,255841,53037,3,1,North,Salaried,0
1595,55,131041,21630,9,2,North,Salaried,1
1596,37,136185,40789,9,3,South,Business,1
1597,129,197164,146083,8,1,East,Self-employed,0
1598,116,476887,108059,3,4,West,Business,0
1599,71,30350,103494,9,3,East,Self-employed,1
1600,43,247230,66151,9,2,North,Self-employed,1
1601,107,383003,68920,9,2,East,Self-employed,0
1602,31,281570,129388,8,5,North,Self-employed,1
1603,148,88487,87231,6,2,East,Self-employed,0
1604,66,168694,137946,1,0,South,Salaried,0
1605,98,143853,100357,8,3,East,Salaried,0
1606,70,483479,23262,3,1,North,Self-employed,0
1607,91,335261,86981,7,2,West,Salaried,0
1608,89,255062,140951,6,5,West,Business,1
1609,154,471610,143099,6,5,West,Business,0
1610,140,253077,101972,7,2,North,Business,0
1611,43,383228,95485,0,0,East,Self-employed,0
1612,113,43782,74722,4,5,West,Self-employed,0
1613,159,310598,109499,1,1,West,Salaried,0
1614,99,350048,70818,1,3,West,Salaried,0
1615,174,149936,49932,0,4,South,Salaried,0
1616,152,428808,26901,4,0,North,Business,0
1617,118,173245,137473,1,5,North,Business,0
1618,57,446420,119023,3,3,North,Business,0
1619,95,448812,28597,2,4,North,Business,0
1620,34,447540,149631,2,2,North,Salaried,0
1621,74,142258,83909,1,2,South,Self-employed,0
1622,76,131668,92391,5,1,East,Self-employed,1
1623,60,474418,104214,1,4,South,Business,0
1624,168,406328,28263,7,2,West,Self-employed,0
1625,39,443966,83293,7,2,South,Self-employed,1
1626,147,489328,132824,4,5,North,Self-employed,0
1627,43,298710,144933,9,1,South,Business,1
1628,109,158262,45805,6,3,North,Salaried,0
1629,122,58333,111679,3,2,South,Salaried,0
1630,39,404073,31874,0,0,North,Self-employed,0
1631,105,231977,113065,1,0,West,Salaried,0
1632,123,109571,106402,9,3,North,Salaried,0
1633,134,140263,34079,9,4,South,Business,0
1634,30,414805,69850,3,1,West,Business,0
1635,162,45235,92779,0,5,South,Self-employed,0
1636,49,20159,115408,7,0,West,Self-employed,1
1637,37,163217,29018,8,0,East,Self-employed,1
1638,30,494125,140606,3,3,East,Business,0
1639,86,182993,69500,9,4,East,Salaried,1
1640,93,387003,140062,2,4,South,Business,0
1641,147,167309,32100,1,3,South,Business,0
1642,57,127507,77021,4,0,West,Salaried,1
1643,150,421460,134995,2,1,West,Salaried,0
1644,136,34743,39800,9,0,West,Self-employed,0
1645,78,248174,148126,6,4,West,Salaried,1
1646,149,66101,83400,5,5,North,Salaried,0
1647,73,262717,112446,0,0,East,Salaried,0
1648,85,141534,49437,7,1,North,Salaried,1
1649,140,366371,123124,1,2,North,Self-employed,0
1650,163,250604,96537,4,0,North,Self-employed,0
1651,137,207450,66675,8,3,North,Salaried,0
1652,177,353270,39942,7,2,East,Salaried,0
1653,143,338215,40862,1,3,North,Self-employed,0
1654,107,222193,31669,8,3,West,Self-employed,0
1655,159,356907,141219,4,3,South,Salaried,0
1656,66,255422,73772,9,0,West,Business,1
1657,49,425453,35916,5,4,South,Self-employed,1
1658,55,166721,30878,2,2,West,Self-employed,0
1659,58,188785,22985,2,1,West,Self-employed,0
1660,30,224535,117905,9,4,South,Salaried,1
1661,148,196481,93648,7,0,East,Salaried,0
1662,64,199838,61235,9,3,North,Self-employed,1
1663,88,66154,38931,9,1,West,Salaried,1
1664,98,289160,112876,1,2,East,Salaried,0
1665,41,492779,20336,1,4,North,Self-employed,0
1666,49,461904,62933,4,5,East,Salaried,1
1667,72,371822,104899,5,4,East,Business,1
1668,155,394200,65536,1,1,North,Salaried,0
1669,79,74238,89504,4,0,West,Salaried,1
1670,58,340752,119214,6,2,East,Self-employed,1
1671,68,109081,71148,9,1,West,Self-employed,1
1672,67,267644,133936,9,3,West,Business,1
1673,113,445113,36279,7,2,West,Salaried,0
1674,157,333105,88665,6,4,North,Business,0
1675,155,219775,123751,7,1,South,Business,0
1676,74,457973,124433,8,4,West,Self-employed,1
1677,81,309061,91386,4,4,South,Salaried,1
1678,109,435952,106124,4,4,South,Self-employed,0
1679,153,310134,125750,9,0,East,Business,0
1680,148,82551,97485,3,4,West,Business,0
1681,37,471377,94055,8,3,West,Self-employed,1
1682,114,230695,111911,4,3,West,Self-employed,0
1683,158,173512,118618,1,2,South,Self-employed,0
1684,37,186277,97273,9,5,North,Self-employed,1
1685,125,100811,86670,7,4,South,Self-employed,0
1686,131,274840,96474,6,4,West,Business,0
1687,34,337247,74028,7,1,West,Self-employed,1
1688,115,484028,110022,2,0,West,Salaried,0
1689,63,454843,133892,3,5,South,Business,0
1690,84,388266,111632,4,2,West,Business,1
1691,148,254104,126651,5,5,East,Salaried,0
1692,143,39008,91128,0,4,West,Salaried,0
1693,174,222346,38108,3,1,North,Business,0
1694,55,52402,72495,9,0,East,Self-employed,1
1695,165,204456,102806,4,2,West,Business,0
1696,76,279994,113185,6,5,East,Business,1
1697,142,419009,96533,4,2,West,Salaried,0
1698,105,156643,119025,0,4,North,Business,0
1699,101,429425,76830,6,2,West,Self-employed,0
1700,118,133550,94640,7,1,East,Salaried,0
1701,75,456364,72509,6,2,North,Business,1
1702,62,111218,86406,3,3,South,Business,0
1703,30,153296,114220,7,1,North,Self-employed,1
1704,176,199767,59519,4,5,North,Business,0
1705,60,402923,69649,9,0,North,Business,1
1706,171,411858,54524,8,0,East,Business,0
1707,82,261060,116493,9,4,North,Business,1
1708,77,260016,53885,4,4,West,Self-employed,1
1709,98,52441,64369,0,3,North,Business,0
1710,134,258038,121132,8,5,North,Business,0
1711,119,190201,115402,4,0,West,Business,0
1712,92,251324,50676,5,0,West,Salaried,0
1713,102,344512,84093,3,0,South,Self-employed,0
1714,118,112122,67764,5,0,North,Salaried,0
1715,42,64760,70799,7,2,East,Salaried,1
1716,102,305622,99414,2,5,North,Self-employed,0
1717,106,410025,125296,4,1,North,Salaried,0
1718,97,353998,113095,1,1,West,Salaried,0
1719,127,376374,132082,1,3,South,Salaried,0
1720,154,367860,92307,6,2,North,Self-employed,0
1721,131,163252,102062,9,0,East,Business,0
1722,161,118538,115432,9,0,North,Self-employed,0
1723,131,35372,51923,9,4,East,Self-employed,0
1724,48,311940,137449,5,4,West,Self-employed,1
1725,111,471488,121739,3,3,South,Salaried,0
1726,170,241035,124926,4,0,North,Business,0
1727,52,380970,98388,0,3,South,Self-employed,0
1728,112,402736,67574,6,2,North,Self-employed,0
1729,138,375779,63391,7,1,East,Business,0
1730,104,131022,148691,8,0,South,Business,0
1731,158,74040,141757,7,5,North,Business,0
1732,117,357501,73664,4,2,West,Salaried,0
1733,83,222440,87384,2,0,East,Business,0
1734,118,98356,51027,9,5,South,Salaried,0
1735,172,298355,55464,8,4,North,Self-employed,0
1736,94,387570,54485,5,3,South,Salaried,0
1737,105,287986,148366,4,4,North,Business,0
1738,172,476331,39456,2,1,East,Salaried,0
1739,178,348996,94795,5,4,West,Business,0
1740,176,407881,55554,2,0,East,Salaried,0
1741,89,328112,66922,9,5,South,Self-employed,1
1742,122,299652,33409,5,4,South,Salaried,0
1743,78,173077,89327,3,0,North,Self-employed,0
1744,64,74575,111400,1,1,East,Business,0
1745,131,493958,56639,7,5,North,Self-employed,0
1746,40,170043,120110,3,4,East,Business,0
1747,128,438815,83627,8,3,South,Business,0
1748,139,86914,103424,6,3,North,Self-employed,0
1749,103,269134,39692,1,5,North,Self-employed,0
1750,38,87055,109037,3,3,East,Salaried,0
1751,32,107697,98840,4,4,West,Salaried,1
1752,114,126239,74200,2,4,East,Self-employed,0
1753,55,255469,113063,8,5,West,Self-employed,1
1754,101,143106,77415,4,4,East,Self-employed,0
1755,77,287499,38074,1,0,South,Self-employed,0
1756,146,336264,35549,2,1,North,Business,0
1757,41,487835,49963,8,3,East,Self-employed,1
1758,162,320486,111456,6,0,South,Self-employed,0
1759,77,499208,116362,1,5,East,Self-employed,0
1760,66,492076,121607,8,3,North,Self-employed,1
1761,73,22257,72265,3,0,East,Business,0
1762,44,309508,36061,8,4,West,Salaried,1
1763,72,176044,78226,1,5,North,Salaried,0
1764,116,131715,48810,9,5,West,Salaried,0
1765,99,46654,80006,3,3,South,Salaried,0
1766,75,231841,142538,4,4,South,Salaried,1
1767,137,363567,133502,1,3,East,Business,0
1768,152,311464,42800,9,2,West,Salaried,0
1769,50,40808,136192,0,0,West,Business,0
1770,136,72389,128959,6,2,North,Business,0
1771,109,138581,145433,9,0,West,Salaried,0
1772,76,147927,127228,0,1,West,Salaried,0
1773,146,54773,95476,7,5,North,Salaried,0
1774,153,202240,89460,2,3,North,Self-employed,0
1775,172,440963,77767,9,1,West,Business,0
1776,54,358540,48054,5,1,East,Salaried,1
1777,65,389836,95319,6,5,North,Self-employed,1
1778,80,234764,122789,9,5,North,Business,1
1779,44,77505,65397,0,0,West,Self-employed,0
1780,97,368040,33233,5,2,West,Self-employed,0
1781,50,38135,131205,6,4,North,Salaried,1
1782,170,110887,110020,5,0,West,Business,0
1783,48,142118,45068,3,4,North,Self-employed,0
1784,63,329521,85727,0,1,East,Business,0
1785,107,174626,110610,8,4,East,Salaried,0
1786,154,344635,90453,3,2,North,Business,0
1787,146,468837,124135,6,0,North,Self-employed,0
1788,81,265739,45832,6,5,South,Self-employed,1
1789,56,340427,128464,1,2,South,Business,0
1790,64,498356,106242,0,2,West,Self-employed,0
1791,165,299067,33682,7,0,West,Self-employed,0
1792,173,329735,112298,7,5,North,Self-employed,0
1793,135,82261,43383,6,2,North,Salaried,0
1794,175,336480,78160,7,5,South,Salaried,0
1795,31,356227,113332,2,3,South,Self-employed,0
1796,106,80948,43666,1,3,North,Business,0
1797,161,260891,78817,6,3,East,Salaried,0
1798,119,184074,111198,7,4,East,Business,0
1799,118,493314,130695,0,2,West,Self-employed,0
1800,123,486232,54642,9,0,North,Self-employed,0
1801,36,308816,61830,8,0,North,Business,1
1802,124,286357,123067,3,4,West,Salaried,0
1803,137,161365,30234,3,0,South,Business,0
1804,103,469076,77616,2,3,South,Business,0
1805,68,82507,29221,5,2,East,Self-employed,1
1806,170,77134,31410,0,0,North,Salaried,0
1807,100,153172,100055,5,0,South,Business,0
1808,85,261225,81413,1,1,East,Salaried,0
1809,71,213069,21051,8,1,East,Self-employed,1
1810,65,310316,130529,1,1,East,Salaried,0
1811,113,302276,95301,6,2,South,Self-employed,0
1812,147,268933,96918,0,3,South,Salaried,0
1813,36,300343,98116,6,5,North,Business,1
1814,83,56609,142226,4,3,North,Self-employed,1
1815,158,194037,76563,7,3,East,Business,0
1816,149,159088,117859,3,2,East,Self-employed,0
1817,135,452995,64757,9,2,South,Salaried,0
1818,76,314025,146169,6,1,South,Salaried,1
1819,152,233666,141008,5,0,North,Self-employed,0
1820,170,306616,97475,4,4,North,Self-employed,0
1821,148,202885,71257,3,4,West,Self-employed,0
1822,179,251440,115500,6,5,North,Salaried,0
1823,147,277803,20307,4,0,South,Self-employed,0
1824,50,187093,76889,4,5,East,Self-employed,1
1825,166,336275,88895,0,1,West,Business,0
1826,55,175159,115184,1,5,North,Self-employed,0
1827,38,32828,55944,4,0,North,Business,1
1828,44,474826,119555,2,0,South,Business,0
1829,39,378808,58134,1,4,West,Business,0
1830,151,152473,47323,3,1,North,Salaried,0
1831,150,498395,136205,3,2,East,Business,0
1832,154,297337,91762,3,5,South,Self-employed,0
1833,101,243461,107225,3,4,West,Salaried,0
1834,78,458080,116507,2,5,North,Salaried,0
1835,120,433523,45954,6,5,North,Salaried,0
1836,66,384662,75021,8,2,West,Salaried,1
1837,97,301755,109959,4,1,South,Salaried,0
1838,79,194863,115927,3,0,West,Salaried,0
1839,48,425166,99866,1,3,West,Salaried,0
1840,129,358384,90427,1,5,South,Business,0
1841,89,259719,24992,4,3,North,Self-employed,1
1842,118,228475,21961,6,1,East,Self-employed,0
1843,175,284889,32497,9,3,South,Business,0
1844,176,337387,137551,9,5,East,Business,0
1845,98,286010,52551,8,2,North,Salaried,0
1846,78,183317,96384,6,3,West,Salaried,1
1847,137,457940,145374,4,1,East,Business,0
1848,148,410825,75755,9,1,North,Salaried,0
1849,178,91354,33255,9,2,North,Self-employed,0
1850,179,71374,24567,9,3,West,Self-employed,0
1851,66,134397,68847,5,3,West,Salaried,1
1852,172,268552,124817,2,0,North,Salaried,0
1853,40,406721,68003,4,4,North,Salaried,1
1854,167,443332,40389,7,1,East,Self-employed,0
1855,107,363173,64523,0,0,North,Salaried,0
1856,106,375718,143802,0,1,North,Business,0
1857,31,433663,81576,6,0,East,Salaried,1
1858,93,312575,147342,4,4,South,Business,0
1859,64,431124,63919,4,0,East,Salaried,1
1860,36,49336,102103,0,1,East,Salaried,0
1861,114,323136,142443,8,3,West,Self-employed,0
1862,175,75350,23358,0,1,East,Business,0
1863,96,89561,108535,4,5,North,Business,0
1864,71,334099,127894,9,2,North,Business,1
1865,147,81240,141485,8,2,North,Self-employed,0
1866,154,171165,96524,3,5,South,Business,0
1867,53,419371,143416,7,2,North,Self-employed,1
1868,75,66607,125982,5,2,South,Salaried,1
1869,48,446703,117057,2,4,North,Salaried,0
1870,97,206740,25698,3,3,East,Business,0
1871,131,434179,86809,1,3,West,Salaried,0
1872,71,201196,113079,0,1,North,Salaried,0
1873,61,335014,75805,7,5,South,Business,1
1874,138,469763,51349,0,0,South,Salaried,0
1875,65,84110,96777,0,1,West,Business,0
1876,126,204626,70248,3,1,North,Business,0
1877,160,172008,95033,9,1,East,Salaried,0
1878,102,399039,127411,9,1,North,Salaried,0
1879,165,24426,118239,5,3,North,Salaried,0
1880,126,239911,64041,8,0,West,Salaried,0
1881,152,309750,51954,0,1,North,Salaried,0
1882,99,461048,28002,6,3,East,Self-employed,0
1883,42,48151,89783,9,1,South,Salaried,1
1884,78,492519,127524,4,2,West,Self-employed,1
1885,89,293452,107234,7,1,East,Business,1
1886,159,260853,144857,6,5,South,Salaried,0
1887,34,475738,39738,3,5,West,Salaried,0
1888,56,274595,30703,3,1,West,Salaried,0
1889,178,196743,133776,5,4,South,Business,0
1890,37,110306,69422,5,2,South,Self-employed,1
1891,79,245180,103106,8,0,East,Self-employed,1
1892,96,389128,81899,4,1,North,Salaried,0
1893,73,22204,32392,7,0,North,Salaried,1
1894,154,112769,64724,4,2,North,Salaried,0
1895,87,107265,52299,1,1,North,Salaried,0
1896,32,313275,35641,5,4,North,Business,1
1897,115,72428,99534,8,3,East,Salaried,0
1898,99,53870,26305,2,4,West,Business,0
1899,159,123547,118262,0,4,East,Salaried,0
1900,31,255990,38782,0,3,East,Self-employed,0
1901,131,69067,98257,2,3,East,Self-employed,0
1902,64,471801,125299,9,5,West,Salaried,1
1903,127,258083,97963,4,3,East,Salaried,0
1904,59,132217,132086,2,1,East,Business,0
1905,145,434823,141987,8,0,West,Salaried,0
1906,37,438184,40566,7,5,East,Salaried,1
1907,179,118934,144591,2,5,North,Salaried,0
1908,73,162980,87766,8,0,South,Self-employed,1
1909,65,439639,26511,5,5,East,Business,1
1910,106,356851,134816,6,3,South,Self-employed,0
1911,60,229329,127765,3,4,East,Business,0
1912,76,277354,138360,3,2,East,Self-employed,0
1913,84,81215,46177,1,3,North,Salaried,0
1914,135,206907,24765,4,4,West,Self-employed,0
1915,150,331573,40354,7,4,South,Self-employed,0
1916,84,364296,43929,6,5,West,Business,1
1917,173,128048,48820,6,1,North,Business,0
1918,41,189530,131576,5,1,North,Self-employed,1
1919,174,197241,49523,2,5,South,Business,0
1920,173,158731,91088,4,5,West,Business,0
1921,169,473830,86163,0,0,North,Business,0
1922,165,259977,97525,6,0,East,Business,0
1923,32,359384,33780,8,2,East,Business,1
1924,173,446009,26589,0,2,East,Self-employed,0
1925,59,133688,54812,1,2,West,Business,0
1926,52,328617,113664,2,2,East,Salaried,0
1927,121,378906,65939,2,4,East,Self-employed,0
1928,144,240460,71493,7,4,North,Self-employed,0
1929,133,389100,124188,6,0,North,Self-employed,0
1930,147,400596,113326,5,1,East,Business,0
1931,34,206823,60953,9,5,East,Salaried,1
1932,133,408455,85785,9,1,North,Business,0
1933,137,229987,39309,3,3,South,Self-employed,0
1934,94,467470,74195,8,4,West,Self-employed,0
1935,150,289150,135662,0,2,West,Self-employed,0
1936,59,269243,45901,1,2,North,Self-employed,0
1937,178,94218,43576,3,3,West,Business,0
1938,113,216416,51508,2,1,North,Salaried,0
1939,179,447056,94711,0,2,North,Salaried,0
1940,61,52430,45464,4,1,North,Self-employed,1
1941,45,43091,80281,6,5,North,Salaried,1
1942,67,277125,36260,1,3,South,Self-employed,0
1943,171,446199,144997,4,1,East,Self-employed,0
1944,65,43989,55440,5,5,East,Salaried,1
1945,143,95451,115082,6,1,South,Self-employed,0
1946,95,38990,125583,0,1,West,Salaried,0
1947,134,372414,76683,6,2,West,Self-employed,0
1948,114,362504,144206,3,0,East,Salaried,0
1949,31,270541,61430,7,4,West,Self-employed,1
1950,104,318225,21987,3,1,East,Salaried,0
1951,96,162105,134778,5,1,East,Self-employed,0
1952,84,390416,45105,8,1,South,Self-employed,1
1953,35,298385,98484,4,0,West,Self-employed,1
1954,179,144932,138747,3,5,South,Salaried,0
1955,172,288083,33026,7,3,East,Business,0
1956,115,133000,88309,8,2,East,Self-employed,0
1957,89,198634,65927,3,0,East,Self-employed,0
1958,130,55063,95414,2,5,North,Salaried,0
1959,41,227793,77535,7,1,North,Self-employed,1
1960,78,178117,62946,4,5,North,Self-employed,1
1961,71,457985,146503,1,0,South,Self-employed,0
1962,111,329262,76561,9,0,East,Self-employed,0
1963,64,104703,30377,8,0,West,Business,1
1964,163,434841,73592,2,3,South,Business,0
1965,96,255796,27347,1,4,South,Self-employed,0
1966,109,148557,53776,0,2,South,Self-employed,0
1967,36,309220,23783,7,3,West,Self-employed,1
1968,43,273317,75798,2,3,East,Business,0
1969,102,215877,24298,6,4,North,Business,0
1970,172,326749,90204,0,3,East,Salaried,0
1971,178,366709,106207,0,0,East,Salaried,0
1972,95,321265,120356,8,0,South,Self-employed,0
1973,120,478317,75161,7,5,South,Self-employed,0
1974,159,313577,80652,2,1,South,Business,0
1975,49,63309,54484,5,3,North,Self-employed,1
1976,39,349612,118614,2,1,North,Self-employed,0
1977,54,457470,149572,3,2,North,Business,0
1978,54,349437,132695,0,0,East,Business,0
1979,83,378402,40922,4,5,South,Business,1
1980,62,451069,54028,0,2,West,Business,0
1981,124,320549,131461,0,5,East,Salaried,0
1982,43,479868,40316,9,4,North,Business,1
1983,94,63527,96996,6,0,West,Business,0
1984,139,359371,36968,5,2,West,Self-employed,0
1985,109,413708,50266,1,4,South,Self-employed,0
1986,83,244490,145679,1,2,West,Self-employed,0
1987,154,159883,115745,6,5,North,Salaried,0
1988,160,113344,44000,0,4,South,Business,0
1989,163,175344,143239,1,4,West,Business,0
1990,54,485226,34011,7,0,South,Salaried,1
1991,170,243564,22866,5,1,West,Business,0
1992,146,67153,132669,1,5,East,Self-employed,0
1993,165,128042,25898,6,5,East,Salaried,0
1994,178,74110,38395,3,4,North,Business,0
1995,54,165051,59019,1,4,East,Salaried,0
1996,108,261131,123243,5,0,East,Salaried,0
1997,97,259173,24006,8,1,East,Business,0
1998,41,48328,54393,8,5,West,Self-employed,1
1999,61,132911,30956,7,3,West,Business,1
2000,157,295011,70042,2,3,South,Business,0
